label,cleaned_message
ham,opinion 1 2 jada 3 kusruthi 4 lovable 5 silent 6 spl character 7 matured 8 stylish 9 simple pls reply
ham,want come online free talk sometime
ham,u workin overtime nigpun
ham,also sir sent email log usc payment portal send another message explain thing back home great weekend
spam,please stay home encourage notion staying home tax paying citizen entitled 305 96 emergency refund smsg io fcvbd
spam,bankofamerica alert 137943 please follow url activate
ham,sorry dude dont know forgot even dan reminded sorry hope guy fun
ham,quite know still get hold anyone cud pick bout 7 30pm see pub
ham,ok lor anyway thk cant get ticket co like quite late already u wan 2 go look 4 ur frens darren wif
ham,wat r u
ham,buy one egg da please
ham,reason spoken year anyways great week best exam
ham,stop story told returned saying order
ham,dont want hear anything
ham,e person e sm survey
ham,mm food da
ham,4 taco 1 raja burrito right
ham,house maid murderer coz man murdered 26th january
ham,yes pretty lady like single
ham,said text one time
ham,know called
ham,sch neva mind u eat 1st lor
spam,lyricalladie 21 f inviting friend reply yes 910 910 see url stop send stop frnd 62468
ham,jay say double faggot
ham,ok thk got u wan 2 come wat
spam,ur awarded city break could win 200 summer shopping spree every wk txt store 88039 skilgme tscs phone 33
spam,hello orange 1 month free access game news sport plus 10 free text 20 photo message reply yes term apply url
ham,whens radio show
ham,jane babe goin 2 wrk feel ill lst nite foned already cover 4 chuck
spam,new offer save upto 40 electricity bill power saver govt lab tested r 1050 free home delivery 3 yr guarantee call phone phone
ham,u wearing
ham,turn stereo love mi phone unknown album
ham,haha figure well found piece priscilla bowl
ham,online transaction
ham,neva tell noe home da aft wat
spam,valued vodafone customer computer picked win 150 prize collect easy call phone 6
spam,recieve tone within next 24hrs term condition please see channel u teletext pg 750
ham,get second half message
spam,phony 350 award today voda number ending xxxx selected receive 350 award match please call phone 0 quoting claim code 3100 standard rate app
ham,help u swoop picking u wherever ur bird r meeting u want
ham,ok lor whats
ham,hello madam
ham,actually sleeping still might u call back text gr8 rock si send u text wen wake
ham,good think could send pix would love see top bottom
spam,apple id buxcx7gbvwwccod final notification apple 1d due expire today prevent confirming apple id url apple inc
ham,hey mate hows u honey u ave good holiday gimmi de goss x
ham,anybody number still thought tactful way ask alex
ham,taking derek amp taylor walmart back time done leave mouse desk text priscilla ready
ham,ok let knw
ham,bad girl lady
spam,today voda number ending 7548 selected receive 350 award match please call phone 0 quoting claim code 4041 standard rate app
ham,k 2marrow coming class
ham,meeting u work tel shall work tomorrow matter
spam,overcome programming challenge multicore learn technique scale reliability attend intel session 3 45 pm microsoft community techdays
ham,haha leg neck killing amigo hoping end night burn think could swing like hour
ham,every day use sleep lt gt
ham,sorry urgent work
ham,good morning plz call sir urgent work
ham,oh shut omg yesterday dream 2 kid boy pissed kid boy even told mark dream changing diaper cause getting owed face
ham,ahhhh woken bad dream u tho dont like u right didnt know anything comedy night guess im
ham,hard believe thing like say lie think twice saying anything
ham,wow think common take back ur freak unless u chop
spam,5 free top polyphonic tone call phone 37 national rate get toppoly tune sent every week text subpoly 81618 3 per pole unsub phone 0
ham,yup msg tat yijue tot group mate co meeting today mah askin leaving earlier wat mah co mayb haf walk v far
ham,need get
spam,important customer service announcement call freephone 0 phone
ham,howz pain hope u r fine
ham,love girl office may wonder smiling sore
spam,forwarded phone 00 please call phone 0 immediately urgent message waiting
ham,still working time also tried adding zero saving checking lt gt
ham,thing quick question
ham,die accidentally deleted e msg suppose 2 put e sim archive haiz sad
ham,mean post wrote like many time ritten stuff let sit feeling time angry left hit send stop checked phone got car said sleep bored time clean fold laundry etc least make bed
ham,sorry missed call please call back
ham,age abj
ham,enough trouble sleeping
ham,hello going village pub 8 either come accordingly ok
ham,thnx dude u guy 2nite
spam,noida commercial wave sec 18 silver 11500 psf gold 12500 psf logix sec 124 8200 psf best deal call phone 3
ham,guy asking get slipper gone last year
ham,u guy never invite anywhere
spam,hmv bonus special 500 pound genuine hmv voucher answer 4 easy question send hmv 86688 info url
ham,computer fried essential part keep spare idiot roommate looovvve leaving thing running full lt gt 7
ham,hey sexy bun told adore loverboy hope remember thank sister law meatball grin love babe
spam,welcome uk mobile date msg free giving free calling phone 5 future mg billed 150p daily cancel send go stop 89123
ham,velly good yes please
ham,march ending ready call sure problem capital never complete far work lady
spam,guaranteed 200 award even 1000 cashto claim ur award call free phone 6 18 2 stop getstop 88333 php
ham,jokin lar depends phone father get lor
ham,thought slide enough
ham,im gonnamissu much would say il send u postcard buttheres aboutas much chance merememberin asthere ofsi breakin contract luv yaxx
ham,dude go sup
spam,contacted dating service someone know find call land line phone 8 pobox45w2tg150p
ham,shopping lor raining mah hard 2 leave orchard
ham,oga left phone home saw ur message hope good great weekend
ham,need coffee run tomo believe time week already
ham,oooh bed ridden ey thinking
ham,ok problem get taxi c ing tomorrow tuesday tuesday think r going cinema
ham,much buzy think
spam,asked 3mobile 0870 chatlines inclu free min india cust servs sed yes l8er got mega bill 3 dont giv shit bailiff due day 250 3 want 800
ham,please give 2 pick tuesday evening 8 ok
ham,night worrying appt shame missed girl night quiz popcorn hair
ham,ha ha ha good joke girl situation seeker
ham,sir waiting call
ham,yay better told 5 girl either
ham,b going 2 sch mon si need 2 take smth
ham,yo there class tmrw right
ham,painful personal thought always try keep everybody happy time nobody recognises alone
ham,sure stomach
spam,2nd time tried 2 contact u u 750 pound prize 2 claim easy call phone 9 10p per min bt national rate
spam,enjoy jamster videosound gold club credit 2 new videosounds 2 logo musicnews get fun jamster co uk 16 help call phone 6
ham,let know kick
ham,yup need jus wait 4 e rain 2 stop
spam,ever thought living good life perfect partner txt back name age join mobile community 100p sm
spam,dear paytm customer paytm kyc expired contact customer care phone immediately account block within 24 hr thank paytm team
spam,0a network allow company bill sm responsible supplier shop give guarantee sell b g
ham,planned yet going join company jan 5 know happen
ham,arm fine cardiff uni
spam,oor step service passport assistance pan card income tax return vat return service tax return contact ons phone jwala heri mkt paschim viha
ham,really sorry b able 2 friday hope u find alternative hope yr term going ok
ham,ok come ur home half hour
ham,laptop take
ham,think waste rr
ham,anyway seriously hit back otherwise light armand always shit vomiting
spam,pl battle royale gilchrist v warne today 8pm click url ipl mobile stop mix alert click url
ham,dun need use dial juz open da browser n surf
ham,call tell infront call
ham,new theory argument win situation loses person dont argue ur friend kick amp say always correct
ham,hey gave photo registered driving ah tmr wanna meet yck
ham,done mean
ham,kind took garage centre part exhaust need replacing part ordered n taking fixed tomo morning
spam,freemsg hey u got 1 video pic fones reply wild txt ill send u pic hurry im bored work xxx 18 150p rcvd stop2stop
ham,anyway many good evening u
ham,ey calm downon theacusations itxt u co iwana know wotu r doin thew end haventcn u age ring ur up4 nething sat love j xxx
ham,takin linear algebra today
ham,jan fast approaching wish u happy new year happy sankranti happy republic day happy valentine day happy shivratri happy ugadi happy fool day happy may day happy independence day happy friendship mother father teacher childrens day amp happy birthday 4 u happy ganesh festival happy dasara happy diwali happy christmas lt gt good morning afternoon evening night rememberi first wishing u raj
ham,really tot ur paper ended long ago wat u copied jus got use u happy lar still haf 2 study
ham,jus finish bathing
ham,think mentor 100 percent sure
ham,hamster dead hey tmr meet 1pm orchard mrt
ham,ok set let u noe e detail later
ham,hope text meet smiling let text give reason smile beautiful day
ham,ok let find
ham,busy come point figure tomorrow
ham,thats cool want please
ham,may call later pls
spam,please call phone 9 immediately urgent message waiting
spam,text82228 get ringtones logo game url question email
ham,good morning plz call sir
ham,lol alright thinkin haha
spam,87077 kick new season 2wks free goal news ur mobile txt ur club name 87077 eg villa 87077
ham,ok pa nothing problem
ham,alright omw gotta change order half8th
ham,sorry mate phone didnt write love kate
ham,aight see bit
spam,know u u know send chat 86688 let find 150p msg rcvd hg suite342 2lands row w1j6hl ldn 18 year
spam,plot available greater noida near pari chowk regn ok 2600 per gauge booking start 30000 onwards full instalment also call phone
ham,juswoke bed boatin dock slept wid 25 year old spinout giv u da gossip l8r xxx
ham,actually whatever find excuse tampa point january though
spam,dear customer due bvn system upgrade atm card de activated activate kindly call customer care phone 4 help
ham,yup hey one day fri ask miwa jiayin take leave go karaoke
ham,yes one woman man please tell like dislike bed
ham,work right
spam,1 new voicemail please call phone
ham,4 let go bill miller
ham,hi wkend ok journey terrible wk good huge back log marking
ham,k u also dont msg reply msg
ham,india win level series mean record
ham,living simple loving also simple laughing simple winning tooo simple simple difficult
ham,wot u 2 u weirdo
spam,want new video phone 750 anytime network min half price line rental free text 3 month reply call phone 5 free delivery
ham,sometimes heart remembrs someone much forgets someone soon bcoz heart like everyone liked one remembered everytime bslvyl
ham,hmmm give one day
spam,u secret admirer reveal think u r special call phone 2 opt reply reveal stop 1 50 per msg recd cust care phone 1
ham,ever easier
ham,whenever see still hook
spam,u r entitled update latest colour mobile camera free call mobile update co free phone 0
spam,discount code rp176781 stop message reply stop url customer service phone 6
ham,attended nothing
spam,tried contact reply offer 750 min 150 textand new video phone call phone 0 reply free delivery tomorrow
ham,hey look like wrong one kappa guy number still phone want text see around
ham,8 latest g still scrounge ammo want give new ak try
ham,good morning pookie pie lol hope wake u
spam,congratulation ur awarded either 500 cd gift voucher free entry 2 100 weekly draw txt music 87066 tncs url
ham,know lab goggles went
spam,free2day sexy st george day pic jordan txt pic 89080 dont miss pocketbabe co uk phone 716
ham,hope alright babe worry might felt bit desparate learned job fake waiting come back love
ham,fujitsu series lifebook good
ham,uncle timi help clearing car
ham,greeting consider excused
ham,tunde wishing great day abiola
ham,hahaha use brain dear work
ham,hi darlin ive got back really nice night thanks much lift see u tomorrow xxx
spam,urgent mobile awarded 2000 bonus caller prize 5 9 03 final try contact u call landline phone 8 box42wr29c 150ppm
ham,ill lt gt ok
ham,buying today need c meh
ham,babe lost try rebooting
spam,u secret admirer looking 2 make contact u find r reveal think ur special call phone 5
ham,ok wif co like 2 try new thing scared u dun like mah co u said loud
ham,thk u dun haf 2 hint e forum already lor co told ron n darren going 2 tell shuhui
ham,hey inconvenient si huh
ham,busy trying finish new year looking forward finally meeting
ham,oic co n si got lunch today dad went dunno whether 2 eat sch wat
spam,free entry 250 weekly comp send word enter 84128 18 c url cust care phone 0
ham,food
ham,japanese proverb one u none u must indian version one let none leave
ham,yes princess toledo
ham,k give back thanks
ham,okay well thanks clarification
ham,pete phone still jenny college leanne
ham,sure yet still trying get hold
ham,okay chasing dream good next
ham,use soc use home dunno 2 type word ar
spam,gr8 poly tone 4 mob direct 2u rply poly title 8007 eg poly breathe1 title crazyin sleepingwith finest ymca getzed co uk pobox365o4w45wq 300p
ham,lol would despite cramp like girl
ham,r still meeting 4 dinner tonight
spam,please call phone 2 immediately urgent message waiting
ham,say fantastic chance anything need bigger life lift losing 2 live think would first person 2 die n v q
spam,dear 0776xxxxxxx u invited xchat final attempt contact u txt chat 86688 150p msgrcvdhg suite342 2lands row w1j6hl ldn 18yrs
ham,finished work yet something
ham,meeting call later 4
spam,thanks ringtone order reference number x29 mobile charged 4 50 tone arrive please call customer service phone 0
ham,oh god almost home
spam,name theresa 7 3milion dollar transfer charity work help poor one ur place india contact email
spam,tried contact reply offer video phone 750 anytime network min half price line rental camcorder reply call phone 5
ham,den weekday got special price haiz cant eat liao cut nail oso muz wait finish drivin wat lunch still muz eat wat
ham,ok would b lovely u r sure think wot u want drinkin dancin eatin cinema u wot
ham,ur physic get
ham,single single answer fighting plus said broke didnt reply
ham,lol yes friendship hanging thread cause u buy stuff
ham,account refilled successfully inr 100 00 keralacircle prepaid account balance r 101 00 transaction id kr 3567
ham,sorry never hear unless book one kinda joke thet really looking skinny white girl one line much camera something like casting look
ham,current food alone also
ham,hmm thinking lor
ham,hope ur head hurt 2 much ploughing way pile ironing staying chinky tonight come round like
spam,urgent mobile number awarded 2000 prize guaranteed call phone 5 land line claim 3030 valid 12hrs
ham,think chennai well settled
ham,hi happy birthday hi hi hi hi hi hi hi
ham,good morning repair shop reason hour
ham,u say leh course nothing happen lar say v romantic jus bit lor thk e nite scenery nice leh
ham,rude campus
ham,u see posted facebook
ham,world famamus
spam,want new video handset 750 time network min unlimited text camcorder reply call phone 5 del sat
spam,today voda number ending 5226 selected receive 350 award hava match please call phone 0 quoting claim code 1131 standard rate app
ham,aight ill get fb couple minute
ham,make cry stuff happens top everything else push edge underdtand often cry sorry sorry life
spam,winner valued network customer selected receivea 900 prize reward claim call phone 2 claim code kl345
ham,u sending home first ok lor ready yet
ham,aiyah e rain like quite big leh drizzling least run home
ham,hello saturday go texting see decided anything tomo trying invite anything
ham,yeah probably earlier
ham,r home coming within 20 min
ham,printer cool mean groovy wine groovying
ham,necessarily expect done get back though headin
ham,sorry left phone upstairs ok might hectic would bird one fell swoop date
ham,lasting much 2 hour might get lucky
ham,package program well
ham,see shadow get early spring yay
spam,urgent dear fl1pkart customer trying contact last weekend draw show w0n r 2 00 000 prize guaranteed call phone claim code flip02 valid 12hrs
spam,please call customer service representative phone 10am 9pm w0n guaranteed cash prize r 8 00 000 fl1pkart team
spam,get garden ready summer free selection summer bulb seed worth 33 50 scotsman saturday stop go2 notxt co uk
ham,sure whenever show
ham,oh god gonna google nearby cliff
ham,babe said 2 hour almost 4 internet
ham,photoshop make computer shut
ham,hey told name gautham ah
ham,new car house parent new job hand
ham,k actually guy meet sunoco howard right way
ham,hey reply pa
ham,meet 5 4 depends wan 2 lor
ham,hi email address changed
ham,plm come da way
spam,dear voucher holder claim week offer pc please go url t c apply
ham,wait 4 bus stop aft ur lect lar dun c go get car come back n pick
ham,dont think need yellow card uk travel ask someone gone lt gt buck
ham,hey going lo lesson gym
ham,new theory argument win situation loses person dont argue ur loved one
ham,abj serving staying dad alone
ham,nope drivin neva develop da photo lei
ham,home always chat
ham,ok c u
spam,chance reality fantasy show call phone 0 20p per min ntt ltd
ham,sorry sir call tomorrow senthil hsbc
ham,might come kerala 2 day prepared take leave finalise dont plan travel visit need finish urgent work
ham,pls dont forget study
ham,one day crab running sea shore wave came n cleared footprint crab crab asked frnd r u clearing beautiful footprint wave replied fox following ur footprint catch thats cleared frndsship never let u dwn gud nyt
ham,ok sure time tho sure get library class try see point good eve
ham,willing go aptitude class
ham,wat da decision
ham,fr ndship like needle clock though v r clock v r nt able 2 met evn v meet itz 4few second bt v alwys stay conected gud 9t
ham,well pattern emerging friend telling drive come smoke telling weed fiend make smoke much impede thing see hesitant
ham,ok bag
ham,cool like swimming pool jacuzzi house
ham,great hope like man well endowed lt gt inch
ham,aight set free think could text blake address occurs quite sure thought
spam,winner u specially selected 2 receive 1000 cash speak live operator 2 claim phone 810
ham,ok wun b angry msg u aft come home tonight
ham,trying figure suppose see couple different people week said get together set date
ham,yar lor wait 4 mum 2 finish sch lunch lor whole morning stay home clean room room quite clean hee
ham,much payed suganya
ham,still game
ham,k k sm chat
ham,great hope using connection mode men also co never know old friend lead today
ham,world happiest frnds never character dey best understanding difference
ham,sorry delay yes master
ham,cool shall go see go tip anyway home got something drop later let go town tonight maybe mum take u
ham,hurt tease make cry end life die plz keep one rose grave say miss u
ham,realy sorry recognise number confused r u please
ham,gud ni8 dear sleep well
spam,thanks 4 continued support question week enter u in2 draw 4 100 cash name new u president txt an 80082
ham,huh got lesson 4 lei n thinkin going sch earlier n tot parkin kent vale
ham,may call later please busy ryt nw
ham,sorry flaked last night shit seriously goin roommate tonight
ham,lovely night xxx
ham,k k tomorrow onwards started ah
ham,part checking iq
ham,yes appt
ham,call see facebook huh
ham,cant pick phone right busy
spam,unsubscribed service get ton sexy babe hunk straight phone go url subscription
ham,registered shijo payee log icicibank com enter urn confirm beware fraud
spam,u secret admirer looking 2 make contact u find r reveal think ur special call phone 2 stopsms 08
ham,meant middle left right
ham,dont know oh hopefully month
ham,hi moved in2 pub would great 2 c u u cud come
ham,started searching get job day great potential talent
ham,u look 4 da lib got stuff havent finish yet
ham,problem walk around julianaland oblivious going around say thing constantly go one ear go whatever want know upset listen tell going upset want surprised mad
ham,yeah thought lemme know anything goin later
ham,dont hesitate know second time weakness like keep notebook eat day anything changed day sure nothing
ham,tonight mate catching sleep new number way
ham,alrite
ham,still chance search hard get let try
ham,free call sir waiting
ham,thanks looking really appreciate
ham,k ready lt gt
ham,yup thk u oso boring wat
ham,cool tyler take gonna buy drop place later tonight total order quarter got enough
ham,oh yes speak txt 2 u hmm u get email
ham,cheer u tex mecause u werebored yeah okden hunny r uin wk sat sound likeyour havin gr8fun j keep updat countinlots loveme xxxxx
spam,urgent dear fl1pkart customer trying contact last weekend draw show w0n r 5 00 000 prize guaranteed call phone claim code flip82 valid 12hrs
ham,shant disturb u anymore jia
ham,dad wanted talk apartment got late start omw
ham,keep seeing weird shit bein woah realising actually reasonable oh
ham,office around 4 pm going hospital
ham,hey j r u feeling better hopeso hunny amnow feelin ill ithink may tonsolitusaswell damn iam layin bedreal bored lotsof luv xxxx
ham,haha kidding papa need drug
ham,lol could starve lose pound end day
ham,table occupied waiting tree
ham,thanx u darlin im cool thanx bday drink 2 nite 2morrow take care c u soon xxx
ham,love one law make happy person love way friendship one law never make ur friend feel alone alive gud night
ham,idea
ham,office call lt gt min
ham,pas dis ur contact n see wat u get red luv wid u blue u put smile face purple u r realy hot pink u r swt orange thnk lyk u green realy wana go wid u yelow wnt u bck black jealous u brown miss nw plz giv one color
ham,thank wonderful
spam,randomly selected bestbuy gift get 1000 gift card url
ham,sleeping surfing free time
ham,one interested may business plan
spam,bmo noticed unusual activites online account required verify account detail url
ham,yo guess dropped
ham,let want house 8am
ham,describe lucky actually awake noon
ham,keep ten r shelf buy two egg
ham,e admin building might b slightly earlier call u reaching
ham,miss vday parachute double coin u must know well
spam,tax refund 349 14 ready claimed access refund follow step required http bit claim tax
spam,guaranteed 1000 cash 2000 prize claim yr prize call customer service representative phone 4 10am 7pm
ham,hi mobile phone added contact list url great place send free sm people visit fullonsms com
spam,goldviking 29 inviting friend reply yes 762 762 see url stop send stop frnd 62468
spam,dear v0daf0ne customer 5 00 000 winner guaranteed caller prize final attempt contact claim call phone
spam,rediscover deeper meaning life mean attain true peace understand essence true sikh sm join gurubani phone 5
spam,freemsg fav xmas tone reply real
ham,going got exciting karaoke type activity planned debating whether play football eve feeling lazy though
ham,yep pretty sculpture
ham,tessy pls favor pls convey birthday wish nimya pls dnt forget today birthday shijas
spam,dating service asked 2 contact u someone shy call phone 0 revealed pobox84 m26 3uz 150p
ham,apo mokka player
ham,home also
spam,loan purpose 500 75 000 homeowner tenant welcome previously refused still help call free 0 phone
ham,since side fever vomitin
ham,yunny goin late
ham,hi babe u r likely bed im sorry tonight really wanna see u tomorrow call 9 love xxx
ham,specialisation work slave labor look month sha co shakara 4 beggar
ham,great escape fancy bridge need lager see tomo
ham,yo parent gettin cash good news picked downstem
ham,hi baby im cruisin girl friend r u 2 give call hour home thats alright fone fone love jenny xxx
spam,urgent 2nd attempt contact u 900 prize yesterday still awaiting collection claim call phone 4
ham,geeeee internet really bad today eh
spam,number 365 000 pound two mobile phone ongoing cocacola uk promo contact mr billy email phone
ham,mode men left
ham,right brah see later
ham,come home want u miserable
ham,ok lor buy wat
ham,eat old airport road 630 oredi got lot pple
ham,u early
ham,gudnite tc practice going
spam,want new nokia 3510i colour phone deliveredtomorrow 300 free minute mobile 100 free text call phone 5
ham,nice talking please dont forget pix want see
ham,alright hooked guy
spam,free entry 2 wkly comp win fa cup final tkts 21st may 2005 text fa 87121 receive entry question call phone 5
ham,okie nice hear
spam,loan purpose even bad credit tenant welcome call noworriesloans com phone 1
ham,arun u transfr amt
ham,wen get spiritual deep great
ham,sorry meeting call later
ham,thx well month
ham,wat r u call
ham,sir waiting mail
ham,huh lei
ham,get ready moan scream
ham,st andre virgil cream
ham,pls speak wont ask anything friendship
ham,got salt rub open wound like
spam,phone 01 2 000 price claim call phone 1
ham,one best dialogue cute reltnship wen die dont come near body bcoz hand may come 2 wipe ur tear time gud ni8
ham,probably earlier station think
ham,hey u still gym
ham,jus hope true missin co really missin done anything feel guilty yet
ham,7 wonder world 7th 6th ur style 5th ur smile 4th ur personality 3rd ur nature 2nd ur sm 1st ur lovely friendship good morning dear
ham,carlos took leave minute
spam,urgent 1 week free membership 100 000 prize jackpot txt word claim 81010 c url lccltd pobox 4403ldnw1a7rw18
ham,u know watchin lido
ham,alright babe justthought sayhey u doin nearly endof wk offdam nevamind 2hook sn uwant m8 lovejen x
ham,got new year co yetunde said wanted surprise didnt see money returned mid january lt gt day return period ended
ham,yeah barely enough room two u x many shoe sorry man see later
ham,taste fish curry p
ham,responding
spam,want 750 anytime networt new video phone five pound per week call phone 0 reply delivery tomorrow
ham,office da
spam,ur chance win 250 wkly shopping spree txt shop 80878 c url
spam,price revising soon urbtech xavier fully loaded tallest tower noida unit left detail call phone
ham,ha u jus ate honey ar sweet
ham,u make fb list
ham,yo sorry shower sup
ham,yeah worse
ham,feel like trying kadeem v
ham,shuhui say change 2 suntec steamboat u noe r u
ham,hi darlin youphone im athome youwanna chat
ham,come sec somebody want see
ham,nah wednesday bring mini cheetos bag
ham,mean website yes
ham,driving raining get caught e mrt station lor
spam,pdate double min 1000 txts orange tariff latest motorola sonyericsson nokia bluetooth free call mobileupd8 phone 2 call2optout yhl
ham,yeah jus rite
ham,erm ill pick 6 45pm give enough time get park
spam,current leading bid 151 pause auction send customer care phone 0
ham,yes small kid boost secret energy
ham,hmm dunno leh mayb bag 4 goigng dat small jus anything except perfume smth dat keep
ham,thank much skyped wit kz sura didnt get pleasure company hope good
ham,watching tv lor funny bluff 4 wat izzit thk impossible u
ham,laid airtel line rest
ham,oh half hour much longer syria canada eh wow must get much work done day u extra time grin
spam,pvt finance arranged cheque basic 4 business people trader stockist industry corporate comp p turn 20l cnt phone
ham,would really appreciate call need someone talk
ham,dunno lei shd b driving lor co go sch 1 hr oni
spam,xxxmobilemovieclub use credit click wap link next txt message click url xxxmobilemovieclub com n qjkgighjjgcbl
ham,hi princess thank pic pretty
spam,want funk ur fone weekly new tone reply tones2u 2 text url original n best tone 3gbp network operator rate apply
ham,wat time liao still got
ham,sir waiting call free please call
ham,thts wat wright brother fly
ham,havent add yet right
spam,lookatme thanks purchase video clip lookatme charged 35p think better send video mmsto 32323
ham,im late tellmiss im way
ham,send bec temple na
ham,great p diddy neighbor come toothpaste every morning
ham,heehee funny tho
ham,good afternoon love good see word ym get tm smart move slave smile drink coffee await
ham,wake long ago already dunno thing
spam,phone 1 urgent mobile 07xxxxxxxxx 2 000 bonus caller prize 02 06 03 2nd attempt reach call phone 1 asap
ham,well imma definitely need restock thanksgiving let know
ham,eatin later eatin wif frens lei going home first
spam,want new video phone750 anytime network min 150 text five pound per week call phone 0 reply delivery tomorrow
ham,mean left early check co working 9 6
ham,really crashed cuddled sofa
ham,thursday night yeah sure thing work
ham,tell drug dealer getting impatient
ham,piggy r u awake bet u still sleeping going 4 lunch
ham,hey late ah meet 945
ham,also north carolina texas atm would go gre site pay test result sent
spam,january male sale hot gay chat cheaper call phone 2 national rate 1 5p min cheap 7 8p min peak stop text call phone 4 10p min
ham,response one powerful weapon 2 occupy place others heart always give response 2 care 4 u gud night swt dream take care
ham,mu try figure much money everyone gas alcohol jay trying figure weed budget
spam,today vodafone number ending 4865 selected receive 350 award number match call phone 4 receive 350 award
ham,hi mom might back later lt gt
spam,u bin awarded 50 play 4 instant cash call phone 8 claim every 9th player win min 50 500 optout phone 0
ham,mine like fr china noisy
ham,tell make little spreadsheet track whose idea smoke determine smoke much entire month february come
spam,hot live fantasy call phone 0 20p per min ntt ltd po box 1327 croydon cr9 5wb 0870 k
ham,login dat time dad fetching home
ham,effect irritation ignore
spam,prem jewellrs vijaynagar lucky draw scheme monthly r 300 12 month every month lucky member given rs3600 gold silver article call phone
ham,awesome see bit
ham,ok prob
ham,sure still available though
ham,wan 2 meet n combine part da rest da project going
ham,misplaced number sending text old number wondering heard year best mcat got number atlanta friend
spam,england v macedonia dont miss goal team news txt ur national team 87077 eg england 87077 try wale scotland 4txt 1 20 poboxox36504w45wq 16
ham,cool lt gt inch long hope like big
ham,telling coulda real valentine u never pick nothing
ham,dear call
ham,boy loved gal propsd bt didnt mind gv lv lttrs bt frnds threw thm boy decided 2 aproach gal dt time truck speeding towards gal wn 2 hit girl boy ran like hell n saved asked hw cn u run fast boy replied boost secret energy n instantly girl shouted energy n thy lived happily 2gthr drinking boost evrydy
spam,update free orange latest colour camera mobile unlimited weekend call call phone 4
ham,yup paragon havent decided whether 2 cut yet hee
ham,come
ham,broke list reason nobody town tell sarcastic faggy
ham,got rumour going buy apartment chennai
ham,geeeee love much barely stand
ham,tell who pls
ham,freezing home yet remember kiss mom morning love think missing yet
ham,look time think
ham,reverse cheating mathematics
ham,consider wall bunker shit important never play peaceful guess place high enough matter
ham,hi good mornin thanku wish u
spam,customer service annoncement new year delivery waiting please call phone 5 arrange delivery
ham,hey whats u sleeping morning
ham,easy ah u wll get selected good
ham,mu like lt gt second
ham,tmr brin lar aiya later come n c lar mayb neva set properly got da help sheet wif
ham,well weather cali great complexity great need car move freely tax outrageous great place sad part missing home
ham,hello love get interview today happy good boy think missing
ham,wylie tampa sarasota
ham,okie
ham,pride almost lt gt year old takin money kid supposed deal stuff grownup stuff tell
ham,hmmm thk sure got time hop ard ya go 4 free abt muz call u discus liao
ham,ok much though h friday cant wait dunno wot hell im gonna another 3 week become slob oh wait already done
ham,anything
spam,call germany 1 penny per minute call fixed line via access number 0844 861 85 86
ham,watching live
ham,gud mrng dear hav nice day keep well
ham,aiyah u ok already lar e nydc wheellock
spam,please call phone 8 immediately urgent message waiting
ham,long quit get like 5 minute day
spam,urgent mobile 07xxxxxxxxx 2 000 bonus caller prize 02 06 03 2nd attempt reach call phone 1 asap box97n7qp 150ppm
spam,urgent please call phone 7 landline 5000 cash luxury 4 canary island holiday await collection c sae po box 177 m227xy 150ppm 16
spam,know someone know fancy call phone 8 find pobox 6 ls15hb 150p
ham,maybe fat finger press button know
ham,call message missed call missing
ham,dude ive seeing lotta corvette lately
ham,said kiss kiss sound effect gorgeous man kind person need smile brighten day
ham,leaving house reach half hour
ham,today sunday work
ham,oops 4 got bit
ham,come mu sorting narcotic situation
ham,ambrith madurai met u arun dha marrge remembr
spam,know u u know send chat 86688 let find 150p msg rcvd
ham,sir need velusamy sir date birth company bank facility detail
ham,happened yo date
spam,free message activate 500 free text message replying message word fee visit url
ham,yes finished watching day life love
ham,dont know bring food
spam,customer service announcement recently tried make delivery unable please call phone 6 schedule ref 9307622
spam,free msg get gnarl barkley crazy ringtone totally free reply go message right
ham,dear angry busy dear
ham,probably eat today think gonna pop weekend u miss
spam,identified unusual activity online banking log via secure link http 95 141 32 7 81 default aspx avoid account suspension
ham,sir need axis bank account bank address
ham,treasure every moment spend together
ham,unlimited text limited minute
ham,worry finished march ish
ham,yup giving problem mayb jus leave
spam,urgent mobile number awarded 2000 prize guaranteed call phone 1 land line claim 3030 valid 12hrs 150ppm
ham,fine absolutly fine dont worry
spam,please call customer service representative phone 10am 9pm w0n guaranteed cash prize r 5 00 000 fl1pkart team
ham,waiting call
ham,late 12
spam,urgent 2nd attempt contact u 900 prize yesterday still awaiting collection claim call phone 3 acl03530150pm
ham,er mw im filled tuth aight
spam,urgent ukgov issued payment 458 gbp resident part promise battle covid 19 tap http uk covid 19 webredirect org apply
ham,spoke uncle john today strongly feel need sacrifice keep going call beg listen dont make promise make clear thing easy need please let u work thing long keep expecting help creativity stifled pls keep happy promise part
ham,luck 2 catch put
spam,ur balance 500 ur next question sang uptown girl 80 2 answer txt ur answer 83600 good luck
ham,hello wake sweet morning welcome enjoy day full joy
ham,rounder required
ham,agree stop thinkin ipad please ask macho question
ham,nope c
ham,well slightly disastrous class pm fav darling hope day ok coffee wld good stay late tomorrow time place always
spam,free msg ringtone url widelive com index wml id 1b6a5ecef91ff9 37819 first true18 0430 jul 05
spam,hottest pic straight phone see getting wanting xx text pic 89555 txt cost 150p textoperator g696ga 18 xxx
spam,money r lucky winner 2 claim prize text money 2 88600 1million give away ppt150x3 normal text rate box403 w1t1jy
ham,promise getting soon text morning let know made ok
ham,sorry missed babe late slept hope enjoy driving lesson boytoy miss teasing kiss
spam,want latest video handset 750 anytime network min half price line rental reply call phone 5 delivery tomorrow
ham,say happen
ham,replying boye changed phone number
ham,rightio 11 48 well arent bright early morning
spam,today voda number ending 1225 selected receive 50award match please call phone 0 quoting claim code 3100 standard rate app
ham,see half hour
spam,sunshine quiz wkly q win top sony dvd player u know country algarve txt ansr 82277
spam,congrats 1 year special cinema pas 2 call phone 7 c suprman v matrix3 starwars3 etc 4 free bx420 ip4 5we 150pm dont miss
ham,depends individual lor e hair dresser say pretty parent say look gong u kaypoh also dunno wat collecting
ham,buy pizza meat lover supreme u get pick
ham,coming friday leave pongal get news work place
ham,short cute good person dont try prove
ham,finished eating got u plate leftover time
ham,whore unbelievable
ham,make sure alex know birthday fifteen minute far concerned
ham,mark work tomorrow get 5 work house meet u afterwards
ham,anything lor juz u lor
ham,stayin trouble stranger saw dave day sorted still bloke u gona get girl mr ur mum still think get 2getha
ham,cant pick phone right call later
ham,u noe 2 send file 2 computer
ham,sorry call later urgent work
ham,home way
ham,hoping enjoyed game yesterday sorry touch pls know fondly bein thot great week abiola
ham,send email mind lt gt time per night
ham,hope much fun without see u tomorrow love jess x
ham,early bird purchase yet
ham,lmao know well
ham,dunno co v late n reach inside already ate spageddies lor e gal r laughing lor
ham,hope result consistently intelligent kind start asking practicum link keep ear open best ttyl
ham,time come tomorrow
ham,oh 4 outside player allowed play know
ham,ok good later come find c lucky told go earlier later pple take finish
ham,hmmm mayb try e shoppin area one forgot e name hotel
spam,free tone hope enjoyed new content text stop 61610 unsubscribe help phone 2450p provided tones2you co uk
spam,wan2 win meet greet westlife 4 u m8 currently tour 1 unbreakable 2 untamed 3 unkempt text 1 2 3 83049
ham,speaking cash yet
ham,love virat love u lot
ham,text get call phone problem
ham,7 lor change 2 suntec wat time u coming
ham,sorry im getting feel really bad totally rejected kinda thing
ham,yep derek house see sunday lt 3
ham,back brum thanks putting u keeping u happy see soon
ham,know people still town
ham,well must pain catch
ham,jus telling u dat b leaving 4 shanghai 21st instead haf time 2 meet cya
ham,ok go change also
ham,text way cup stop work bus
ham,good day mine really busy much tomorrow night
ham,1 finish meeting call
ham,hey want anything buy
ham,drop tank
spam,call phone 0 tell u 2 call phone 2 claim 5000 prize u 2 enter ur mobile personal detail prompt careful
ham,yup izzit still raining heavily co e mrt c outside
ham,good friend care close friend understand true friend stay forever beyond word beyond time gud ni8
ham,k wait chikku il send aftr lt gt min
ham,size elephant tablet u shove um ur as
spam,customer service announcement recently tried make delivery unable please call phone 5 schedule ref 9280114
ham,late
ham,dare change ring
ham,ok ill tell company
ham,love set soul fire spark flame big rawring flame xoxo
ham,ew one
spam,valued customer pleased advise following recent draw mobile awarded r 2 00 000 bonus prize call phone
ham,watching tv lor nice one like lor
ham,r u meeting da ge nite tmr
ham,good afternoon love job prospect missing lazy bleak hmmm happy filled love
ham,thats cool cum
ham,ok ill send lt decimal gt ok
ham,still looking car buy gone 4the driving test yet
ham,tell friend come round til like lt gt ish
ham,great comedy cant stop laughing da
ham,lol boo hoping laugh
spam,themob check newest selection content game tone gossip babe sport keep mobile fit funky text wap 82468
ham,u sound like manky scouse boy steve like travelling da bus home wot u inmind 4 recreation dis eve
ham,tyler getting 8th leave long 9 get like hour
ham,somewhr someone surely made 4 u god decided perfect time make u meet dat person till den enjoy ur crush
ham,anyone calling mobile co asks u type lt gt lt gt disconnect call coz iz attempt terrorist make use sim card
spam,get sauna slim belt rs650 vibration sauna belt rs999 ncr rs50 extra losefat 5 inch freeslim tea ph phone phone
spam,urgent trying contact u today draw show 800 prize guaranteed call phone 8 land line claim m95 valid12hrs
ham,ok cool see ya
ham,camera quite good 10 1mega pixel 3optical 5digital doom lovely holiday safe hope hav good journey happy new year see couple week
ham,thk shld b ya wana go 4 lesson haha go one whole stretch
ham,havent mu ask u 1st wat meet 4 lunch den u n meet already lor u wan 2 go ask da ge 1st confirm w asap
ham,really master
ham,2 student solved cat question xam 5 3 2 lt gt 9 2 4 lt gt 8 6 3 lt gt 7 2 5 tell answer u r brilliant 1thing got answr
ham,happened interview
ham,brother transfered lt gt lt gt pa
spam,tell u 2 call phone 2 claim 5000 prize u 2 enter ur mobile personal detail prompt careful
ham,today song dedicated day song u dedicate send ur valuable frnds first rply
ham,waiting machan call free
ham,going nothing great bye
ham,good movie ok leave hourish
ham,sweet well princess please tell like dislike bed
ham,liked new mobile
ham,joy father john john name joy father mandan
ham,sweet heart
ham,k take care
spam,free entry 2 wkly comp win fa cup final tkts 21st may 2005 text fa 87121 receive entry question std txt rate c apply phone 5over18
ham,g want know
spam,join uk horniest dogging service u sex 2nite sign follow instruction txt entry 69888 nyt ec2a 3lp msg 150p
ham,aight text address
ham,ok ur typical reply
ham,im gloucesterroad uup later
ham,kallis dismissial 2nd test
ham,moji informed saved life thanks
ham,cool come havent wined dined
spam,u secret admirer looking 2 make contact u find r reveal think ur special call phone 4
ham,go buy wif meet later
ham,taka lor wat time u wan 2 come n look 4 u
ham,ok coming home
ham,come n pick 530 ar
ham,sorry going home first daddy come fetch later
spam,chosen receive 450 award pls call claim number phone 5 collect award selected receive valued mobile customer
spam,sorry missed call let talk time phone 9
ham,reached already
ham,aight plan come later tonight
ham,much getting
ham,plan manage
ham,hey something came last min think wun signing tmr hee
ham,superb thought grateful u dont everything u want mean u still opportunity happier tomorrow u today
ham,hey mate spoke mag people deliver end month deliver 24th sept talk later
ham,something u ate
ham,omg joanna freaking looked thru friend find photo asking stuff myspace even logged like year
ham,daddy bb
ham,guy leaving
ham,lmao nice 1
ham,happy new year princess
ham,armand say get as epsilon
spam,free ring tone text polys 87131 every week get new tone phone 216yrs 1 50 wk
ham,yup still coffee wif frens fren drove give lift
ham,still looking job much ta earn
spam,transaction aud 590 3 made bank account 08 02 17 11 17 37 unauthorised follow link url
ham,done sorry hope next space give everything want remember furniture around move lock lock leave key jenne
ham,askd u question hour waiting ur reply
ham,friendship game play word say start march end may tomorrow yesterday today
ham,send naughty pix
ham,u ned convince tht possible witot hurting feeling main
ham,god created gap btwn ur finger dat sum1 vry special fill gap holding ur hand plz dont ask created much gap leg
spam,atm block dear customer due system upgrade atm card de activated activate call customer care phone
ham,hm good morning headache anyone
ham,yun ah ubi one say wan call tomorrow call 67441233 look irene ere got bus8 22 65 61 66 382 ubi cres ubi tech park 6ph 1st 5wkg day n
ham,cant pick phone right pls send message
ham,eek lot time especially since american pie like 8 minute long stop singing
ham,ok may free gym
ham,nice new shirt thing wear nudist themed mu
ham,yet chikku k wat abt tht guy stopped irritating msging u
spam,hi babe jordan r u im home abroad lonely text back u wanna chat xxsp visionsms com text stop stopcost 150p phone 3
ham,oh yah never cancel leh haha
spam,free message activate 500 free text message replying message word free term condition visit url
ham,havent planning buy later check already lido got 530 show e afternoon u finish work already
ham,greatest test courage earth bear defeat without losing heart gn tc
ham,let know detail fri u find co tom fri mentionned chinese thanks
ham,hey chief give bell get need talk royal visit 1st june
ham,pls send comprehensive mail paying much
ham,hi hope u get txt journey hasnt gd 50 min late think
ham,ok tell half hr b4 u come need 2 prepare
ham,sometimes put wall around heart safe getting hurt find care enough break wall amp get closer goodnoon
ham,dunno wat get 4
ham,cud u tell ppl im gona b bit l8 co 2 bus hav gon past co full im still waitin 4 1 pete x
ham,think fixed send test message
ham,hey want crave miss need love ahmad saeed al hallaq
ham,ok agreed
ham,get free call
spam,ever notice driving anyone going slower idiot everyone driving faster maniac
ham,lami dear tough
ham,check got detailed message
ham,turning phone mom telling everyone cancer sister stop calling hurt talk put see u u get home love u
spam,http tm widelive com index wml id 820554ad0a phone first true c c ringtone
ham,beautiful tomorrow never come come already today hunt beautiful tomorrow waste wonderful today goodmorning
ham,yeah go bed back midnight
ham,r u saying order slipper co pay returning
ham,hello u u 2 u b moving flat co need arrange pick lamp etc take care hello caroline
spam,sunshine quiz wkly q win top sony dvd player u know country liverpool played mid week txt ansr 82277 1 50 sp tyrone
ham,howz person story hope u find
ham,never believe actually got taunton wow
ham,bold 2 lt gt
ham,sian aft meeting supervisor got work 2 liao u working
ham,mmmm fair know weakness grin push knee expose belly pull head forget know wicked smile
spam,ur chance win 250 cash every wk txt action 80608 c url custcare phone 2 1x150p wk
ham,ur change 2 da report big co already made change 2 da previous report
ham,thanks loving rock
ham,aight chillin friend room text way
ham,gud mrng dear hav nice day
spam,important message westpac safety customer due recent covid 19 virus customer required review update personal detail unable use westpac service done please go http westpac mobile cc 2update call u 132 032
spam,winter wedding enjoy season glittering garment wardrobe drycleaning best quality affordable rate 60 outlet ncr call phone
ham,amazing quote sometimes life difficult decide whats wrong lie brings smile truth brings tear
spam,free video camera phone half price line rental 12 mths 500 cross ntwk min 100 txts call mobileupd8 phone 2
ham,ok u tell wat time u coming later lor
ham,7 wonder world 7th 6th ur style 5th ur smile 4th ur personality 3rd ur nature 2nd ur sm 1st ur lovely friendship love u dear
ham,train back northampton afraid staying skyving today ho ho around wednesday though fancy comedy club week way
ham,rat hey u ever vote next theme
spam,urgent mobile awarded 2 000 bonus caller prize 1 08 03 2nd attempt contact call 0871 4719 523 box95qu bt national rate
ham,wishing family merry x ma happy new year
spam,mobile number 3 6 crore samsung uk award receive prize send ur name mobile n0 addres age sex occup email
ham,objection bf coming
ham,also bringing galileo dobby
ham,daddy shu shu looking 4 u u wan 2 tell u singapore wat
ham,sen told going join uncle finance cbe
ham,wait msg lt gt min
spam,dear customer u selected stay f1ve star hotel t0day draw holiday valued inr 5 00 000 dial phone claim
ham,oh god taken teeth paining
spam,thanks ringtone order reference number x49 mobile charged 4 50 tone arrive please call customer service phone 2
ham,girl stay bed girl need recovery time id rather pas fun cooped bed
ham,try something dear read something exam
spam,well done 4 costa del sol holiday 5000 await collection call phone 4 toclaim sae tc pobox334 stockport sk38xh cost 1 50 pm max10mins
ham,class hour sorry
ham,future planned tomorrow result today best present enjoy future
ham,site simulate test give tough question test readiness
ham,want mapquest something look usf dogwood drive tiny street parking lot
ham,happening gotten job begun registration permanent residency
ham,rose red red blood blood heart heart u u
ham,cancelled yeah baby well sound important understand darlin give ring later fone love kate x
ham,de looking good
ham,garbage bag egg jam bread hannaford wheat chex
spam,2 000 cash 5 000 prize claim call phone 7
spam,swayamvara david hair swayamvara return ravana book 2 david hair story reincarnation two swayamvaras 800 year apart see four life knotted forever one rigid force ravana reborn
ham,taking half day leave bec well
ham,hey tmr maybe meet yck
ham,wish
spam,next month get upto 50 call 4 ur standard network charge 2 activate call phone c wire3 net 1st4terms pobox84 m26 3uz cost 1 50 min mobcudb
ham,sure see come bit
ham,dled 3d imp
ham,hi probably much fun get message thought id txt u co im bored james farting night
ham,everybody fun evening miss
ham,goodo yes must speak friday egg potato ratio tortilla needed
ham,feel nauseous pissed eat sweet week cause today planning pig dieting week hungry
ham,cool text parked
spam,get 3 lion england tone reply lionm 4 mono lionp 4 poly 4 go 2 url original n best tone 3gbp network operator rate apply
ham,hey check da listed da
ham,sorry busy ryt nw
ham,went attend another two round today still reach home
ham,searching right word express gratitude brother wonderful blessing time
spam,well done england get official poly ringtone colour flag yer mobile text tone flag 84199 opt txt eng stop box39822 w111wx 1 50
ham,lol mad first woke gave
ham,lol really need remember eat drinking appreciate keeping company night babe smile
ham,smith waste da wanna gayle
spam,ringtoneking 84484
ham,really still tonight babe
ham,r u yet wearing blue shirt n black pant
ham,askd u question hour answer first
ham,seems unnecessarily affectionate
ham,ask say please message
ham,thats cool liked photo
ham,bit ur smile hppnss drop ur tear sorrow part ur heart life heart like mine wil care u forevr goodfriend love u
spam,new tone week include 1 mcfly ab 2 sara jorge shock 3 smith switch order follow instruction next message
ham,hey doc pls want get nice shirt hubby nice fiting one budget lt gt k help pls load card abi hw keep posted luv 2 mj
spam,urgent trying contact u today draw show 800 prize guaranteed call phone 0 land line claim j89 po box245c2150pm
ham,hmmm still dont opener
ham,edison rightly said fool ask question wise man answer know u speechless viva gm gn ge gnt
ham,god picked flower dippeditinadew lovingly touched itwhichturnedinto u gifted tomeandsaid friend 4u
ham,found diff farm shop buy cheese way back call
spam,call germany 1 penny per minute call fixed line via access number 0844 861 85 85 prepayment direct access url
ham,ups 3days also shipping company take 2wks way usps take week get lag may bribe nipost get stuff
ham,ok watching tv
ham,find sent offline message know anjola
ham,ok lor vey good
spam,guaranteed 1000 cash 2000 prize claim yr prize call customer service representative phone 9 10am 7pm cost 10p
ham,working ringing u thing whole houseful screaming brat pulling hair loving u
spam,kit strip billed 150p netcollex ltd po box 1013 ig11 oja
ham,hiya u paying money account thanks got pleasant surprise checked balance u c get statement 4 acc
ham,guai shd haf seen naughty free today go jogging
ham,said dun haf passport smth like dat juz send email account
ham,know mallika sherawat yesterday find lt url gt
spam,nationwide noticed debit card recently used 29 11 2016 15 04 43 apple online store 1267 00 gbp please urgently call fraud prevention phone 1 int phone reply sm url
ham,dad get back
ham,yes office da
ham,k k detail want transfer acc enough
ham,went fast asleep dear take care
ham,k eng rocking ash
ham,screaming mean shouting
ham,pick rayan macleran
ham,nope still market
ham,come tomorrow dear
ham,big brother really scraped barrel shower social misfit
ham,thanks da thangam feel happy dear also miss da
ham,new deus ex game comin early next yr
ham,tot u reach liao said shirt
ham,leave
ham,da birthdate certificate april real date today dont publish shall give special treat keep secret way thanks wish
ham,nope think go monday sorry replied late
ham,hanging brother family
spam,private 2003 account statement phone 5 show 800 un redeemed point call phone 7 identifier code 42478 expires 24 10 04
ham,wish u many many return day happy birthday vikky
spam,free ringtone waiting collected simply text password mix 85069 verify get usher britney
ham,lol knew saw dollar store
ham,dear relieved westonzoyland going plan end
ham,said right giggle saw u would possibly first person2die nvq think much could
ham,tick tick tick could die loneliness know pout stomp foot need
ham,yeah sure leave min
ham,really getting hanging around
ham,got meh
ham,normally use drink water daily
ham,mon okie lor haha best cheap n gd food la ex oso okie depends whether wana eat western chinese food den u prefer
ham,bring tat cd forget
spam,free top ringtone sub weekly ringtone get 1st week free send subpoly 81618 3 per week stop sm phone 0
ham,haha dinner cousin
spam,want new video phone 600 anytime network min 400 inclusive video call downloads 5 per week free deltomorrow call phone 2 reply
ham,good swimsuit allowed
spam,message free welcome new improved sex dogging club unsubscribe service reply stop msg 150p 18
ham,yeah probably
ham,sure night menu know noon menu
ham,cps causing outage conserve energy
ham,u come n search tat vid finishd
ham,argh nobody town
ham,olol printed forum post guy exact prob fixed gpu replacement hopefully dont ignore
ham,issue right ill fix tomorrow
ham,free give otherwise nalla adi entey nattil kittum
ham,lol ok remember til last nite
ham,blanket sufficient thx
ham,yep like pink furniture tho
ham,hand phone chat wit u
ham,hey tell blake address carlos wanted meet got lost answering phone
spam,ur going 2 bahamas callfreefone phone 5 speak live operator claim either bahamas cruise 2000 cash 18 opt txt x phone 7
ham,coming home 4 dinner
ham,prefer free day tues wed fri oso ask workin lor
ham,tagged friend seemed count friend
ham,somebody set website play hold em using eve online spacebucks
ham,jason say cool pick place like hour
ham,going dinner msg
spam,1 new message please call phone 0
ham,oh shit thought trip loooooool make much sense grin sofa reference sleep couch link sent went trip oh babe go celebration rent
ham,great church holla get
ham,jay snickering tell x totally spoiling chord speak
ham,great aunt anniversary party tarpon spring
ham,aiyo co sm neva reply wait 4 reply lar tot havent finish ur lab wat
spam,valued vodafone customer computer picked win 350 prize collect easy call phone 5
ham,jesus armand really trying tell everybody find
ham,u wake already thanx 4 e tau sar piah quite nice
ham,good baby
ham,shall send exe mail id
ham,going good problem still need little experience understand american customer voice
spam,heard u4 call 4 rude chat private line phone 4 cum
ham,ride equally uneventful many pesky cyclist around time night
ham,stop knowing well
ham,hmmm imagine come home rub foot make dinner help get ready date sure ready kind life
ham,yupz oredi booked slot 4 weekend liao
ham,ok ask abt e movie u wan ktv oso
ham,cool text ready
spam,u outbid simonwatson5120 shinco dvd plyr 2 bid visit sm ac smsrewards 2 end bid notification reply end
ham,sorry bathroom sup
ham,esplanade lor else
ham,tomorrow onwards eve 6 3 work
ham,seeking lady street freak sheet
ham,guess useless calling u 4 something important
ham,aiyo lesson early still sleepin haha okie u go home liao den confirm w lor
spam,mobile 11mths entitled update latest colour camera mobile free call mobile update co free phone 7
ham,see swing bit got thing take care firsg
ham,stomach thru much trauma swear eat better lose weight
ham,go jurong point crazy available bugis n great world la e buffet cine got amore wat
spam,bank america online account suspended log restore url
ham,bday real april
ham,released another italian one today cosign option
ham,fine imma get drink somethin want come find
ham,sir receive account another 1hr time sorry delay
ham,know pls open back
ham,making dinner
ham,never lei v lazy got wat dat day send da url cant work one
ham,glad went well come 11 plenty time claire go work
ham,ofcourse also upload song
ham,really really broke oh amount small even lt gt
spam,double min txts 4 6monthsavailable sony nokia motorola phone call mobileupd8 phone 3 call2optout n9dx
ham,cant get da laptop matric card wif lei
ham,thinking chennai forgot come auction
ham,ok juz receive
spam,englishvocabulary ululate mourn loudly shrilly ad unlimited free call mobile try today url share wid frnd
spam,xmas new year eve ticket sale club day 10am till 8pm thurs fri sat night week selling fast
ham,living simple loving also simple laughing simple winning tooo simple simple difficult hope u understand gud night
ham,u got person story let mw know
ham,sorry got late start way
spam,navratra special launching 9th oct chd presnts phase 3 avenue71 shona road gurgaon email lease r 400 inaugural discount sm icd 54999
ham,u dogbreath sounding like jan c al
ham,tough
ham,ok talk later
ham,gonna get rimac access
ham,fri ah okie lor goin 4 drivin den go shoppin tt
ham,rushing working school rush go hungry
ham,ah well confuses thing
ham,ok lor good news
ham,thanks tescos quite nice gone speak soon
spam,urgent trying contact u today draw show 800 prize guaranteed call phone 1 land line claim c52 valid12hrs
spam,mobile number 5000 claim call u back ring claim hot line phone 1
ham,sent scream moan bed princess
ham,wen ur lovable bcums angry wid u dnt take seriously coz angry childish n true way showing deep affection nice day da
ham,buy blackberry bold 2 torch buy new used let know plus saying buy lt gt g wifi ipad saying lt gt g
ham,think sent text home phone cant display text still want send number
ham,networking technical support associate
ham,seen back holby
ham,dunno let go learn pilate
ham,got hella gas money want go grand nature adventure galileo little bit
ham,update face book status frequently
ham,meeting da call
ham,tell dear happen talking like alian
ham,holy living christ taking long
ham,rofl betta invest anti aging product
ham,room number wanna make sure knocking right door
ham,enjoy ur life good night
spam,urgent mobile awarded 1 500 bonus caller prize 27 6 03 final attempt 2 contact u call phone 1
ham,k yan jiu liao sat go 4 bugis vill one frm 10 3 den hop parco 4 nb sun go cine frm 1030 2 den hop orc mrt 4 hip hop 4
ham,dunno lei neva say
ham,send yetty number pls
ham,realise busy guy trying bother get exam outta way try car gr8 day
spam,fantasy football back tv go sky gamestar sky active play 250k dream team scoring start saturday register sky opt 88088
ham,even brother like speak treat like aid patent
spam,want 750 anytime network min 150 text new video phone five pound per week call phone 0 reply delivery tomorrow
ham,lovely smell bus tobacco
ham,wondarfull song
ham,use foreign stamp whatever send
ham,eldest know
ham,oh grand bit party mention cover charge probably first come first served
ham,u call
ham,err cud going 8pm got way contact
ham,september
ham,guess worried must know way body repair quite sure worry take slow first test guide ovulation relax nothing said reason worry keep followin
ham,hey rite u put 10 evey mnth
ham,lick every drop ready use mouth well
ham,aight text back mu swing need somebody get door
ham,ok fine
ham,oh wow thats gay firmware update help
ham,thankyou much call appreciate care
ham,able anything
ham,leave wif lar wan carry meh heavy da num 98321561 familiar
ham,time prob 3
spam,u meet ur dream partner soon ur career 2 flyng start 2 find free txt horo followed ur star sign e g horo aries
ham,tell shola please go college medicine visit academic department tell academic secretary current situation ask transfer ask someone check sagamu thing lautech vital completes medical education nigeria less expensive much less expensive unless getting citizen rate new zealand
ham,black shirt n blue jean thk c
ham,hello hello hi lou sorry took long 2 reply left mobile friend lancaster got bak neway im sorry make ur b day 2 hun
spam,rmo 00 r hb rm4388 00 charged card numer 9577 awg klia2 24 10 16 1032 29 reference code 342152 call phone 3 u perform txn
ham,meeting call later night
ham,wife
spam,moby pub quiz win 100 high street prize u know new duchess cornwall txt first name 82277 unsub stop 1 50 phone 06 sp
ham,gud mrng dear nice day hope u r fine
spam,upgrdcentre orange customer may claim free camera phone upgrade loyalty call 0 phone offer end 26th july c apply opt available
ham,sister belongs 2 family hope tomorrow pray 4 fated 4 shoranur train incident let hold hand together amp fuelled love amp concern prior 2 grief amp pain pls join dis chain amp pas stop violence woman
ham,putting ready lt time gt
ham,yup comin
spam,free 1st week entry 2 textpod 4 chance 2 win 40gb ipod 250 cash every wk txt pod 84128 t c url
ham,gonna way specific
ham,able sleep
ham,completed degree use joining finance
ham,thanx birthday already
ham,b4 thursday
spam,sm ac blind date 4u rodds1 21 aberdeen united kingdom check url sm ac w icmb3cktz8r7 4 blind date send hide
spam,guess somebody know secretly fancy wanna find give u call phone 3 landline datebox1282essexcm61xn 150p min 18
ham,many company tell language
ham,sure neighbor didnt pick
ham,dad gonna call get work ask crazy question
ham,text drop x
ham,wen ur lovable bcums angry wid u dnt take seriously coz angry childish n true way showing deep affection care n luv
ham,nope come online
ham,dhoni luck win big title win
ham,india going draw series many year south african soil
ham,need come home give good lovin
ham,fact leave think addie go back school tues wed
ham,message phone holding
ham,yeh def up4 something sat got payed2day havbeen given 50 pay rise 4my work havebeen made preschoolco ordinator 2i feelingood luv
ham,basket gettin full might tonight
ham,hey whats plan sat
ham,like cheap happy splash wine make feel better
spam,ur hmv quiz cash balance currently 500 maximize ur cash send hmv1 86688 150p msg
ham,many people seems special first sight remain special till last sight maintain till life end virat
ham,looking
ham,idea soon get converted live
spam,want 750 anytime network min 150 text new video phone five pound per week call phone 2 reply delivery tomorrow
ham,nice wait texting right gonna pay ticket ya know
ham,sure thing big man hockey election 6 go longer hour though
ham,yar wanted 2 scold u yest late already got zhong se qing u ask b4 ask go w u lor n u still act real
ham,jot thing want remember later
spam,spjanuary male sale hot gay chat cheaper call phone 2 national rate 1 5p min cheap 7 8p min peak stop text call phone 4 10p min
spam,dear voucher holder next meal u use following link pc 2 enjoy 2 4 1 dining experience url
ham,dear regret cudnt pick call drove frm ctla cochin home left mobile car ente style ishtamayoo happy bakrid
ham,dad say hurry hell
ham,simply sitting watching match office
ham,today sunday holiday work
ham,please ask mummy call father
spam,guaranteed latest nokia phone 40gb ipod mp3 player 1000 prize txt word collect 83355
ham,yeah class
ham,haha friend tyler literally asked could get dubsack
ham,yoyyooo u know change permission drive mac usb flash drive
ham,prepare pleasured
spam,sppok ur mob halloween collection nokia logo pic message plus free eerie tone txt card spook 8007
spam,500 free text msg text ok 80488 call phone 4 nd credit account
ham,gone get info bt dont know
ham,got smaller capacity one quite ex
ham,finally came fix ceiling
spam,eerie nokia tone 4u rply tone title 8007 eg tone dracula 8007 url pobox36504w45wq 150p
ham,message great doctor india 1 drink appy fizz contains cancer causing age
ham,sorry go later
ham,sorry took long omw
ham,run away frm u kill u care enough stop
ham,love brother time talk english grin say hey muhommad penny say hello across sea
ham,sorry call later ok bye
ham,purity friendship two smiling reading forwarded message smiling seeing name good morning
ham,real tho suck even cook whole electricity hungry
spam,believe true incredible txts reply g learn truly amazing thing blow mind o2fwd 18p txt
ham,tell need investigate anywhere
ham,liked new house
ham,valentine game send dis msg ur friend 5 answer r someone really love u ques colour suit best rply
ham,u today
spam,like tell deepest darkest fantasy call phone 1 60p min stop text call phone 4 nat rate
ham,thanx 4 e brownie v nice
ham,hey around got enough half ten owe
ham,okay seen pick friday
ham,hi neva worry bout da truth coz truth lead 2 ur heart least unique person like u deserve sleep tight morning
ham,say thanks2
ham,generally one uncountable noun u dictionary piece research
ham,didnt search online let know
ham,number u live 11
ham,go home first lar wait 4 lor put stuff first
ham,company good environment terrific food really nice
spam,save money wedding lingerie url choose superb selection national delivery brought weddingfriend
ham,headin towards busetop
ham,eat fo lunch senor
ham,house maid murderer coz man murdered lt gt th january public holiday govt instituitions closed including post office understand
ham,xam hall boy asked girl tell starting term dis answer den manage lot hesitation n lookin around silently said intha ponnungale ipaditan
spam,burger king wanna play footy top stadium get 2 burger king 1st sept go large super coca cola walk winner
ham,pls dont play others life
ham,hey babe friend cancel still visit
ham,daddy take good care
ham,u repeat e instruction wat e road name ur house
ham,also sorta blown couple time recently id rather text blue looking weed
ham,u receive msg
ham,played smash bros lt gt religiously
ham,one slice one breadstick lol
ham,k leaving soon little 9
spam,ur cash balance currently 500 pound maximize ur cash send go 86688 150p meg cc phone 1
ham,much u trying get
ham,shower baby
spam,get 3 lion england tone reply lionm 4 mono lionp 4 poly 4 go 2 url original n best
ham,nice day dear
spam,sale arsenal dartboard good condition double treble
ham,got fujitsu ibm hp toshiba got lot model say
ham,yeah leave couple minute amp let know get mu
spam,double min 1000 txts orange tariff latest motorola sonyericsson nokia bluetooth free call mobileupd8 phone 2 call2optout hf8
ham,u go back urself lor
ham,2 laptop noe infra slow lar wan fast one
spam,december entitled update latest colour camera mobile free call mobile update co free phone 6
ham,sat right okay thanks
ham,jus came back fr lunch wif si u leh
ham,long beach lor expected u dinner
ham,ok wait u talk
ham,dont file bag tell find room
ham,rose need water season need change poet need imagination phone need ur sm need ur lovely frndship forever
ham,fact cleaning show know upset priority constantly want need
spam,tried contact reply offer video phone 750 anytime network min half price line rental camcord call phone 5
ham,babe answering see maybe better reboot ym got photo great
ham,change e one next escalator
ham,hey gal u wanna meet 4 dinner n te
spam,recalculated vehicle tax owed 48 84 due payment click secure link http 103 208 86 96 claim refund
ham,vikky come around lt time gt
ham,hi test lt gt rd
ham,oic better quickly go bathe n settle
ham,alright make sure car back tonight
ham,miss already know let send money towards net need want crave
ham,solve case man found murdered 16 april afternoon 1 wife called police 2 police questioned everyone 3 wife sir sleeping murder took place 4 cook cooking 5 gardener picking vegetable 6 house maid went 2 post office 7 child went 2 play 8 neighbour went 2 marriage police arrested murderer
spam,2nd time tried contact u u 1450 prize claim call phone 5 b4 310303 c stop sm phone 6 140ppm
ham,good person dont try prove
ham,hope settled new school great day
ham,minor shindig place later tonight interested
ham,remind get shall
ham,might accidant tookplace somewhere ghodbandar rd traffic move slovely plz slip amp worry
ham,cool fun practicing making baby
ham,true k u knw dis lt gt
ham,1 reach home call
ham,love cuddle want hold strong arm right
spam,free2day sexy st george day pic jordan txt pic 89080 dont miss every wk saucy celeb 4 pic c pocketbabe co uk phone 716 3 wk
ham,done oredi
ham,da run activate full version da
ham,cool breeze bright sun fresh flower twittering bird waiting wish u goodmorning amp nice day
spam,airtel 3g watch 90 tv channel across entertainment sport music news phone url activate 3g sm 3g 121
ham,always even spirit get bb soon trying sure need
spam,bloomberg message center phone wait apply futur
ham,please leave topic sorry telling
ham,dont send plus mode
ham,ok lar double check wif da hair dresser already said wun cut v short said cut look nice
ham,today accept day u accept brother sister lover dear1 best1 clos1 lvblefrnd jstfrnd cutefrnd lifpartnr belovd swtheart bstfrnd rply mean enemy
ham,think move lt gt week
spam,valued customer pleased advise following recent review mob awarded 2000 bonus prize call phone 9
ham,theyre lot place hospital medical place safe
ham,today sorry day ever angry ever misbehaved hurt plz plz slap urself bcoz ur fault basically good
ham,come medical college 7pm forward da
spam,private 2004 account statement phone 9 show 786 unredeemed bonus point claim call phone 8 identifier code 45239 expires
ham,dun wan watch infernal affair
ham,nutter cutter ctter cttergg cttargg ctargg ctagg ie
ham,huh late fr dinner
ham,oh k k big hitter anyway good
ham,sorry brah finished last exam
ham,ok askd u knw tht
ham,like think always possibility pub later
ham,pls send company name saibaba colany
ham,xy ur car u picking
ham,got shitload diamond though
ham,joy father john john name joy father sweta
ham,going try 2 month ha ha joking
ham,im done studyn library
ham,smriti mother passed away last night pray family
ham,want tel u one thing u mistake k message sent
ham,nimbomsons yep phone know one obviously co thats real word
ham,like talk pa able dont know
ham,yun buying school got offer 2000 plus
ham,haha sound crazy dunno tahan anot
spam,sport fan get latest sport news str 2 ur mobile 1 wk free plus free tone txt sport 8007 url phone 216 norm 4txt 120p
ham,hi darlin work u get trouble ijust talked mum morning really good time last night im goin soon call u
ham,cant pick phone right pls send message anything urgent
ham,sorry help
ham,message responce happend everything fine
ham,always make thing bigger
ham,pls go today lt gt dont want excuse
ham,tot group mate lucky havent reply wat time need leave
ham,talk others probably come early tomorrow
ham,finished missing plenty
ham,searching good dual sim mobile pa
ham,u made appointment
ham,sorry call later afternoon
ham,al moan n e thin go wrong fault al de argument r fault fed himso bother hav 2go thanx xx
spam,u secret admirer looking 2 make contact u find r reveal think ur special call phone stopsms 08
ham,5 2 work timing
spam,atm block dear customer due system upgrade atm card bl0cked activate call customer care help phone
ham,ok good
ham,work mon thurs sat cant leh booked liao day u free
ham,say slowly god love amp need clean heart blood send ten special people
ham,izzit still raining
ham,sad puppy noise
ham,oh okie lor go sat
ham,huh slow tot u reach long ago liao u 2 day 4 leh
spam,please call customer service representative freephone 0 phone 9am 11pm guaranteed 3000 cash 7000 prize
ham,let know contact settled room let know ok
ham,nothing really making sure everybody speed
ham,random saw old roomate campus graduated
ham,going 4 lunch wif family aft dat go str 2 orchard lor
ham,ask princess
ham,de asking like
spam,plot sale haridwar bank ganga ready possession registry r 5000 p installment call n buildtech phone sm ynd 53030
ham,haha cant tmr forfeit haha
ham,lol oops sorry fun
ham,two team waiting player
spam,gsoh good lady u could b male gigolo 2 join uk fastest growing men club reply oncall mjzgroup phone 9 2stop reply stop email
ham,dad went oredi
ham,pain urination thing else
ham,decided people care stuff vote caring stuff loser
ham,rather prominent bite mark right cheek
spam,courtsy reminder payment nab visa card overdue please refer statement payment option call 1300 2569 28 thank
ham,piss talking someone realise u point read backwards
ham,get tomorrow send
ham,born god said oh another idiot born god said oh competition knew one day two become freinds forever
spam,free entry 250 weekly comp send word win 80086 18 c url
ham,wen u lift phne u say hello u knw wt real meaning hello name girl yes u knw dat girl margaret hello girlfrnd f grahmbell invnted telphone moral one 4get name person bt girlfrnd g n g h
ham,wow right mean guess gave boston men changed search location nyc something changed cuz signin page still say boston
ham,found enc 5000
ham,would u believe didnt know thurs pre booked cancelled need b sacked
ham,horrible gal sch stuff come u got mc
ham,good trip watch remember get back must decide easter
ham,last week b day wife nt wish parent forgot n kid went work even colleague wish
ham,mile smile r made frm letter u know difference smile ur face keep happy even though mile away u keep smiling good nyt
ham,taxt massage tie po argh ok lool
ham,mean february april getting place stay hustle back forth audition season since sister moved away harlem
ham,noe specify da domain nusstu still sch
spam,1 new message please call phone 3
ham,creep
spam,moby pub quiz win 200 high street prize u know new duchess cornwall txt first name 82277
ham,watching movie already xy want 2 shop shopping w
ham,good sleep rhythm person establish rhythm body learn use want know
spam,thanks ringtone order reference number x49 mobile charged 4 50 tone arrive please call customer service phone 2 colour red text colour txtstar
spam,urgent dear fl1pkart customer trying contact last weekend draw show w0n r 6 00 000 prize guaranteed call phone claim code flip52 valid 12hrs
spam,2004 account 07xxxxxxxxx show 786 unredeemed point claim call phone 9 identifier code xxxxx expires 26 03 05
spam,urgent please call phone 1 landline abta complimentary 4 tenerife holiday 5000 cash await collection sae c box 326 cw25wx 150ppm
ham,co shopping wif darren jus n called 2 ask wat present wan lor started guessing wif n finally guessed darren lor
ham,fine way u feel way gota b
ham,ya ok dinner
spam,sparkling shopping break 45 per person call 0 phone visit url
ham,mathews tait edward anderson
ham,de call time ill tell k
ham,back lemme know ready
ham,dun believe wat
ham,yes really great bhaji told best cricketer sachin world
ham,hey going quit soon xuhui working till end month
ham,case wake wondering forgot take care something grandma today done parade
ham,great shoot big load get ready
ham,way stay oh
spam,ur mobile number 2crores 35lakh rupee chevrolet motor award 2015 claim send name phone number address age email
ham,ok wonderful
ham,hai ana tomarrow coming morning lt decimal gt ill sathy go rto office reply came home
spam,reply win 100 weekly 2006 fifa world cup held send stop 87239 end service
ham,went project centre spent 3 hour
ham,went ur hon lab one
spam,500 new mobile 2004 must go txt nokia 89545 collect today 1 url 2optout phone 01 50gbp mtmsg18
ham,come online today night
ham,lifted hope offer money need especially end month approach hurt studying anyways gr8 weekend
ham,today accept day u accept
ham,cute thought friendship necessary share every secret ur close frnd watever u shared true
ham,oooh got plenty
ham,anything lor
ham,picked receipt something earlier
spam,freemsg awarded free mini digital camera reply snap collect prize quizclub opt stop 80122300p wk sp rwm ph phone 6
spam,help center canada received transfer government due coronavirus pandemic click url fill application
spam,please call amanda regard renewing upgrading current mobile handset free charge offer end today tel 0 phone subject c
spam,last chance claim ur 450 worth discount voucher today text shop 85023 savamob offer mobile m263uz 3 00 sub 16
ham,hey free call
ham,pls come quick cant bare
spam,call phone 1 use ur min call cast 10p min mob vary service provided aom gbp5 month aom box61 m60 1er u stop age 18
ham,curious cuz asked
ham,sorry call later night
ham,sorry wanted go somewhere
ham,guy planning coming
spam,urgent trying contact u today draw show 2000 prize guaranteed call phone 7 land line claim 3030 valid 12hrs
ham,good evening ttyl
spam,bank granite issue strong buy explosive pick member 300 nasdaq symbol cdgt 5 00 per
ham,need say anything know outsider
ham,si si think ill go make oreo truffle
ham,wish holding tightly making see important much mean much need life
ham,sun anti sleep medicine
ham,hi finally completed course
ham,eh sorry leh din c ur msg sad already lar watching tv u still office
spam,u r subscribed 2 textcomp 250 wkly comp 1st wk free question follows subsequent wks email unsubscribe txt stop 2 84128 custcare phone 0
ham,nope wif si lor aft bathing dog bathe look like going 2 rain soon
ham,boo babe u enjoyin yourjob u seemed 2 b gettin well hunny hope ure ok take care llspeak 2u soonlots loveme xxxx
ham,roger probably going rem 20
ham,die want u stuff
ham,workin get job
spam,urgent mobile number awarded inr 2 00 000 prize guaranteed call phone land line claim 3030 valid 12hrs
ham,sorry gone place tomorrow really sorry
ham,got part nottingham 3 hr 63miles good thing love man much 40mph hey ho
ham,gud ni8 swt drms take care
ham,pls wont belive god jesus
ham,bank say money
ham,fyi taking quick shower epsilon like lt gt min
ham,course tease know simply must see grin keep posted prey loving smile devouring kiss
ham,much cost approx per month
spam,8007 free 1st week no1 nokia tone 4 ur mob every week txt nokia 8007 get txting tell ur mate url pobox 36504 w4 5wq norm 150p tone 16
ham,registered sinco payee log icicibank com enter urn lt gt confirm beware fraud share disclose urn anyone
spam,please call customer service representative freephone 0 phone 9am 11pm guaranteed 2000 cash 6000 prize
ham,outside island head towards hard rock run
ham,shall call dear food
ham,call da waiting call
ham,tall princess
ham,nvm ok
ham,k sent
ham,course math one day one chapter one month finish
ham,babe got enough money pick bread milk give back get home
ham,cant pick phone right call sometime back
ham,still attending da talk
ham,know account detail ask mom send mom reach
ham,sorry pain ok meet another night spent late afternoon casualty mean done stuff42moro includes time sheet sorry
ham,castor need see something
ham,right though give space want need really starting become issue going suggest setting definite move still greece maybe ready
ham,idk keep saying since moved keep butting head freedom v responsibility tired much shit deal barely keeping together get added
ham,thanks bomb date phone wanted say
ham,yes last practice
ham,alrite jod hows revision goin keris bin doin smidgin n e way u wanna cum college xx
ham,quite late lar ard 12 anyway wun b drivin
spam,tried contact reply offer video handset 750 anytime network min unlimited text camcorder reply call phone 5
spam,urgent mobile 077xxx 2 000 bonus caller prize 02 06 03 2nd attempt reach call phone 6 asap box97n7qp 150ppm
ham,pocked
ham,dun need pick ur gf
spam,would like inform recorded leaving home 3 occasion yesterday fine 35 added gov uk account information please visit gov uk coronavirus penalty payment racking protect nh save life
ham,play w computer aiyah tok 2 u lor
ham,neither sterm voice studying fine sure thing resolved tho anyway fab hols
spam,yes place town meet exciting adult single uk txt chat 86688 150p msg
ham,room need
ham,sitting ard nothing lor u leh busy w work
ham,hate call didnt accept even single call mine even messaged
ham,r going 4 today meeting
ham,thinking going reg pract lesson flung advance haha wat time u going
ham,sir late paying rent past month pay lt gt charge felt would inconsiderate nag something give great cost didnt speak however recession wont able pay charge month hence askin well ahead month end please help thanks
ham,good morning princess great day
ham,happened come never came back
ham,see thought
ham,send content page
ham,jay want work first 4 sound
ham,aight sound good want come
ham,happy baby alright take job hope fine send kiss make smile across sea kiss kiss
ham,dont make ne plan nxt wknd coz want u come ok
ham,pick 5 15pm go taunton still want come
ham,well available washob nobbing last night ask nickey platt instead
ham,said anything wrong sorry de
ham,dunno da next show aft 6 850 toa payoh got 650
ham,wat late still early mah juz go 4 dinner lor aiya dunno
ham,cthen thk shd b enuff still got conclusion n content pg n reference b da content pg n cover pg
spam,hi mandy sullivan calling hotmix fm chosen receive 5000 00 easter prize draw please telephone phone 3 claim 29 03 05 prize transferred someone else
ham,dear take care reaching home love u lot
ham,stupid auto correct phone
spam,currently message awaiting collection collect message call phone 5
ham,room
ham,know serving mean
ham,meet lobby
ham,happen
ham,happy skype take picture sleep want go mind want
spam,urgent 2nd attempt contact u u 1250 call phone 3 b4 050703 csbcm4235wc1n3xx callcost 150ppm mobilesvary max 7 50
ham,training tomorrow
spam,want explicit sex 30 sec ring phone 4 cost 20p min gsex pobox 2667 wc1n 3xx
spam,spook mob halloween collection logo pic message plus free eerie tone txt card spook 8007 zed phone 2150p per logo pic
ham,late 3
spam,adult 18 content video shortly
ham,bad girl still remember
ham,big god bring success
spam,dear v0daf0ne customer w1nner r 1 00 000 guaranteed prize final attempt contact claim call phone
ham,sorry im stil last nite went tobed 430 got 4 work 630
spam,dear voucher holder claim week offer pc please go url t c apply stop text txt stop 80062
spam,urgent please contact unclaimed bequest payment assigned beneficiary via email email regard gordon
ham,tiwary rcb battle bang kochi
ham,ugh gotta drive back sd la butt sore
ham,parked next mini coming today think
ham,hey leave friday wait ask superior tell
spam,important information 4 orange user today lucky day 2find log onto url fantastic surprise awaiting
spam,please call customer service representative freephone 0 phone 9am 11pm guaranteed 1000 cash 5000 prize
ham,oh ok watching know
spam,congratulation entry contest last month made winner goto url claim prize 24 hour claim
ham,ok stay night xavier sleeping bag getting tired
ham,want bold 2 bb torch
ham,genius brother pls send number skype
spam,urgent mobile awarded 2 000 bonus caller prize 02 09 03 2nd attempt contact call 0 phone box95qu
ham,ask keep one maybe get message sent glo
ham,training manual show tech process password reset troubleshooting
spam,new textbuddy chat 2 guy ur area 4 25p free 2 receive search postcode gaytextbuddy com txt one name 89693
ham,dude fake frnds got money thts reffering u u member wit mail link u vl credited lt gt r il getiing lt gt r draw acc wen lt gt r
ham,christmas occasion celebrated reflection ur value desire affection amp tradition ideal christmas
spam,tried contact offer new video phone 750 anytime network min half price rental camcorder call phone 5 reply delivery wed
ham,babe go day miss already love loving kiss hope everything go well
ham,happy birthday may ur dream come true
ham,symptom u love 1 u like listening song 2 u get stopped u see name beloved 3 u get angry
spam,prize go another customer c url 18 150p min polo ltd
ham,lol busy
ham,husband
ham,sorry text amp drive coherently see twenty
ham,good morning love go sleep wish great day full feeling better opportunity last thought babe love kiss
spam,xmas prize draw trying contact u today draw show 2000 prize guaranteed call phone 5 land line valid 12hrs
ham,yes tv always available work place
ham,xmas story peace xmas msg love xmas miracle jesus hav blessed month ahead amp wish u merry xmas
ham,yet chikku wat abt u
ham,imagine finally get sink bath put pace maybe even eat left also imagine feel cage cock surrounded bath water reminding always owns enjoy cuck
spam,important customer service announcement premier call freephone 0 phone
spam,themob hit link get premium pink panther game new 1 sugababes crazy zebra animation badass hoody wallpaper 4 free
ham,waiting call sir
ham,cool last little getting time soon
ham,sent send
ham,hello boytoy geeee miss already woke wish bed cuddling love
ham,spare power supply
ham,friendship poem dear dear u r near hear dont get fear live cheer tear u r always dear good morning
ham,friendship poem dear dear u r near hear dont get fear live cheer tear u r always dear gud ni8
ham,woke yeesh late fall asleep til lt gt
ham,happy new year melody
spam,b4u voucher w c 27 03 marsms log onto url discount credit opt reply stop customer care call phone 8
ham,comin fetch u oredi
ham,enufcredeit tocall shall ileave uni 6 get bus yor house
ham,ever green quote ever told jerry cartoon person irritates u always one love u vry much fails express gud nyt
ham,hey veggie pizza
ham,ok gonna head usf like fifteen minute
ham,nope thats fine might nap tho
ham,thinking chuckin ur red green n black trainners 2 save carryin bac train
ham,sday joined training started today
spam,monthly password wap mobsi com 391784 use wap phone pc
ham,go chase run crossing street
ham,u coming back 4 dinner rite dad ask confirm wif u
ham,v romantic
ham,sch fr 4 6 dun haf da book sch home
ham,checking
ham,ok come ur home half hour fine
ham,mag meeting avo point
spam,eastenders tv quiz flower dot compare violet e tulip f lily txt e f 84025 4 chance 2 win 100 cash wkent 150p16
ham,ya referin mei ex wat ah waitin 4 u treat somebody shld b rich liao gd den u dun work frm tmr onwards
ham,bloody hell cant believe forgot surname mr ill give u clue spanish begin
ham,da whats plan let mw know
ham,yeah basically time next week get away mom amp get 3
ham,gotta collect da car 6 lei
ham,hey thk juz go accordin wat discussed yest lor except kb sun co nt much lesson go attend kb sat
ham,ya came ago
ham,appt lt time gt fault u listen told u twice
ham,many thing antibiotic used chest abdomen gynae infection even bone infection
ham,aight grab something eat text back mu
ham,significance
ham,love decision feeling could decide love life would much simpler less magical
ham,wont touch permission
ham,good night dear sleepwell sweet dream
ham,well done blimey exercise yeah kinda remember wot hmm
ham,time thinkin goin
ham,hey r watching movie tonight prob b home early
spam,dear customer pay2tmkyc expired bl0cked within 24 hour please contact customer care ph phone immediately verify
ham,lmao fish memory need
ham,finally match heading towards draw prediction
ham,work perfect
ham,hi wlcome back wonder got eaten lion something nothing much
ham,die e toot fringe
ham,okey doke home dressed co laying around ill speak later bout time stuff
ham,lol happens vega stay vega
ham,much better thanks lol
spam,dear paytm customer paytm kyc suspended pay tm office ph phone paytm c block within 24hr thank
spam,free msg billed mobile number mistake shortcode 83332 please call phone 0 charge refunded call free bt landline
spam,six chance win cash 100 20 000 pound txt csh11 send 87575 cost 150p day 6days 16 tsandcs apply reply hl 4 info
ham,keep payasam rinu brings
ham,prabha sorry
ham,bill letter expecting one orange bill may still say orange
ham,watching ajith film ah
ham,okie thanx
ham,dear got bus directly calicut
ham,town v important
ham,gift trying get throw cliff something
spam,congratulation mobile selected winner e2000 000 00 euro mega draw draw number eu 0906767 email email claim
ham,oh great disturb talk
ham,never blame day ur life good day give u happiness bad day give u experience
ham,drinkin ok
spam,88800 89034 premium phone service call phone 8
ham,thanx lot
ham,love know feel make belly warm wish love shall meet dream ahmad adoring kiss
spam,25p 4 alfie moon child need song ur mob tell ur m8s txt tone charity 8007 nokias poly charity polys zed phone 2 profit 2 charity
ham,mostly sport type lyk footbl crckt
ham,got gas money chance gang want go grand nature adventure
ham,guy go see movie side
ham,awesome remember last time got somebody high first time diesel v
ham,oh usual vijay film different
ham,nah help never iphone
ham,remain unconvinced elaborate test willpower
ham,diet ate 1 many slice pizza yesterday ugh always diet
ham,forgot working today wanna chat thing ok drop text free bored etc ring hope well nose essay xx
ham,cant wait see photo useful
ham,moji love word rich day
ham,u got person story well
ham,u reach orchard already u wan 2 go buy ticket first
ham,way home long dry spell season would
ham,aight well keep informed
ham,one talking
ham,sir waiting call urgent meeting later
ham,hi dear call urgnt know whats problem want work problem least tell wating reply
ham,stop however suggest stay someone able give or every stool
ham,ummmmmaah many many happy return day dear sweet heart happy birthday dear
ham,thanks lovely wisheds rock
ham,solihull want anything
spam,tone club sub expired 2 sub reply monoc 4 mono polyc 4 polys 1 weekly 150p per week txt stop 2 stop msg free stream phone 016
ham,r e meeting tmr
ham,asked sen come chennai search job
ham,want send virtual hug need one
ham,night ended another day morning come special way may smile like sunny ray gud mrng
ham,hello peach cake tasts lush
ham,tell quite long co finish film yet
ham,spending new year brother family let plan meet next week ready spoiled
ham,wif family booking tour package
ham,finish already yar keep saying mushy embarrassed ok
ham,hey mr going sea view couple gay mean game give bell ya finish
ham,erm woodland avenue somewhere get parish magazine telephone number
ham,well going aunty
ham,checking really miss seeing jeremiah great month
spam,want explicit sex 30 sec ring phone 4 cost 20p min
spam,please call customer service representative phone 10am 9pm w0n guaranteed cash prize r 7 00 000 fl1pkart team
ham,feathery bowa something guy know
ham,wake gt
ham,coughing nothing
ham,know wot people wear shirt jumper hat belt know r cribbs
ham,hiya comin 2 bristol 1 st week april le got rudi new yr eve snoring drunk u bak college yet work sends ink 2 bath
ham,k k performed
ham,nice nice working
ham,32 think say syllabus
ham,lol know hey someone great inpersonation flea forum love
spam,u want xmas 100 free text message new video phone half price line rental call free 0 phone find
ham,plan
ham,3 pa selected
ham,told coming wednesday
ham,thank meet monday
spam,double min txts orange 1 2 price linerental motorola sonyericsson b tooth free nokia free call mobileupd8 phone 2 or2optout hv9d
spam,reduce upto 6 kg 30 day original sauna slim belt mrp 1499 com direct price 750 book today get acupressure mat free booking sm slim 57333
ham,welp apparently retired
ham,could ask carlos could get anybody else chip
ham,sure check yahoo email sent photo yesterday
spam,u secret admirer reveal think u r special call phone 2 opt cust care phone 1
ham,happy birthday may u find ur prince charming soon n dun work hard
ham,channel
ham,ta daaaaa home babe still
ham,lol would awesome payback
ham,yeah gang ready
ham,congratulation ore mo owo wa enjoy wish many happy moment fro wherever go
spam,stop club tone replying stop mix see tone com enjoy html term club tone cost gbp4 50 week mfl po box 1146 mk45 2wt 2 3
ham,getting back time soon
ham,great safe trip dont panic surrender
ham,let math good
ham,hellogorgeous hows u fone charge lst nitw wen u texd hopeu ad nice wkend im sure u lookin 4ward 2 c u 2mrw luv jaz
ham,thanx4 today cer nice 2 catch ave 2 find time often oh well take care c u soon c
ham,length e e top shorter n got fringe thk going liao lazy dun wan 2 distract u also
ham,ill call u 2mrw ninish address icky american freek wont stop callin 2 bad jen k eh
ham,ok careful text drive
ham,nope juz work
ham,say like dat dun buy ericsson oso cannot oredi lar
ham,know result
spam,last chance claim ur 350 worth discount voucher today text shop 85023 savamob offer mobile c savamob pobox84 m263uz
ham,wuld without baby thought alone mite break wanna go crazy everyboy need lady xxxxxxxx
ham,hurry home soup done
spam,urgent mobile number 2000 bonus caller prize 10 06 03 2nd attempt reach call phone 3 asap box 97n7qp 150ppm
ham,trust even
spam,b floppy b snappy happy gay chat service photo upload call phone 6 10p min 2 stop text call phone 4
ham,sound better evening im costume im sure time finish tomorrow txt end
ham,well desperate call armand
ham,ok waliking ard u wan 2 buy anything go ur house
ham,suck go u hair free right
spam,hungry gay guy feeling hungry 4 call phone 5 10p min stop text call phone 4 10p min
ham,jokin oni lar busy wun disturb
ham,give flying monkey wot think certainly mind friend mine
ham,help propose going back tomorrow
ham,k send lt gt min
ham,full heat pa applyed oil pa
ham,ill little closer like bus stop street
ham,really skateboarding despite fact get thrown wind bandage shit arm every five minute
spam,splashmobile choose 1000 gr8 tone wk subscrition service weekly tone costing 300p u one credit kick back enjoy
ham,ok thanks dat wonderful
ham,poking man everyday teach canada abi saying hi
ham,lunch come quickly open door
ham,guess spent last night phasing fourth dimension
ham,part initiate understand
ham,yup havent want go yoga call book
ham,aiyo u always c ex one dunno abt mei reply first time u reply fast lucky workin huh got bao ur sugardad ah gee
ham,go home liao ask dad pick 6
ham,love ya try budget money better babe gary would freak knew
ham,dear reache room
ham,omg could snow tonite
ham,sent maga money yesterday oh
ham,aaooooright work
ham,mum went 2 dentist
ham,hello yeah got bath need hair come done yeah
spam,mobile 11 month u r entitled update latest colour mobile camera free call mobile update co free phone 0
ham,certainly put thing perspective something like happens
ham,thats cool sometimes slow gentle sonetimes rough hard
ham,god asked forgiveness little child gave lovely reply wonderful fruit tree give hurt stone good night
ham,really sorry lit hair fire
ham,guess got screwd
spam,n 45days reduce fat 8 inch use sauna slim belt 650 vibration belt 999 ncr 50rs extra free yoko call phone 931130487
ham,cool come like lt gt ish
ham,pls help tell ashley cant find number oh
ham,ok going sleep hope meet
ham,aww must nearly dead well jez iscoming todo workand whilltake forever
spam,loa homeowner tenant welcome previously refused still help call free 0 phone text back help
spam,hmv bonus special 500 pound genuine hmv voucher play send hmv 86688 info url
ham,see forwarding message proof
ham,walked hour 2 c u show care wont u believe im serious
spam,awarded sipix digital camera call phone 1 landline delivery within 28days c box177 m221bp 2yr warranty 150ppm 16 p p 3 99
ham,good afternoon sexy bun go job search wake first thought always love wish fine happy know adore
ham,stopped get ice cream go back
spam,sm service inclusive text credit pls gotto url login 3qxj9 unsubscribe stop extra charge help phone 5 comuk 220cm2 9ae
ham,guess lt gt min
ham,da good good player unsold
ham,turn friend staying whole show back til time feel free go ahead smoke worth worth
spam,local covid19 study compensation 1 220 qualify 1200cash4study1 com
ham,always looking excuse city
ham,drive read need write
ham,e timing go w u lor
spam,wamma get laid want real doggin location sent direct mobile join uk largest dogging network txt dog 69696 nyt ec2a 3lp 1 50 msg
ham,show wot say could u c 4 dust
ham,midnight earliest
ham,omg u know ate
ham,ok asked money far
ham,miss much desparate recorded message left day listen hear sound voice love
ham,ya onion roast
ham,aeronautics professor wer calld amp wer askd 2 sit aeroplane aftr sat wer told dat plane w made student dey hurried plane bt 1 didnt move said made student wont even start datz confidence
ham,sorry call later go somewhere
spam,today vodafone number ending 0089 last four digit selected received 350 award number match please call phone 1 claim 350 award
spam,welcome paytm payment bank verification done successful wallet get 1205 cashback click link login paytm url
spam,goal arsenal 4 henry 7 v liverpool 2 henry score simple shot 6 yard pas bergkamp give arsenal 2 goal margin 78 min
ham,good afternoon love go day woke early online waiting hmmm italian boy online see grin
spam,urgent dear fl1pkart customer trying contact last weekend draw show w0n r 10 00 000 prize guaranteed call phone claim code k52 valid 12hrs
spam,moneycontrol com blackberry get stock quote track portfolio watch live tv get free app url
ham,yes tv always available
ham,operate lt gt
spam,tried call reply sm video mobile 750 min unlimited text free camcorder reply call phone 5
ham,save stress person dorm account send account detail money sent
spam,free top ringtone sub weekly ringtone send subpoly 81618 3 per week stop sm phone 0
ham,god love limit god grace measure god power boundary may u god endless blessing always ur life gud ni8
spam,new textbuddy chat 2 guy ur area 4 25p free 2 receive search postcode gaytextbuddy com txt one name 89693 phone 2 rpl stop 2 cnl
ham,thanks keep mind
ham,missionary hook doggy hook standing
ham,put sign choose number pin show right
ham,dear going rubber place
spam,dueto central bank directive regard bvn update atm card de activated activate call customer care phone 0
ham,dont put phone silent mode ok
ham,need lar go engin co si art today
ham,people see msg think iam addicted msging wrong bcoz dont know iam addicted sweet friend
ham,okay soon best
ham,okay shining meant signing sound better
ham,dont talk ever ok word
ham,sent wife text buy tell relax go get wkend
ham,take care n get well soon
ham,today system sh get ready well also deep well
spam,email alertfrom jeri stewartsize 2kbsubject low cost prescripiton drvgsto listen email call 123
ham,going take bath ill place key window
spam,warner village 83118 c colin farrell swat wkend warner village get 1 free med popcorn show email 4 7 12 c c kiosk reply sony 4 mre film offer
ham,ring come guy costume gift future yowifes hint hint
ham,going film 2day da 6pm sorry da
ham,little med say take every 8 hour 5 pain back took another hope die
ham,please give u connection today lt decimal gt refund bill
ham,want tell bad feel basically time text lately need drug
ham,neft transaction reference number 456367 r 9000 credited beneficiary account 5th jan 3 00pm
ham,awake oh
ham,still around could use half 8th
ham,ryder unsold gibbs
ham,spoil bed well
ham,probably almost gas get cash tomorrow
ham,good afternoon boytoy go walking day get police abstract still wake miss babe
ham,god picked flower dipped dew lovingly touched turned gifted said love
ham,driving training
ham,lost 10 kilo today
ham,k k business
ham,life strict teacher bcoz teacher teach lesson amp conduct exam life first conduct exam amp teach lesson happy morning
ham,nothing ok anyway give treat
ham,ok ok ok whats ur today plan together
spam,valued customer pleased advise following recent review mobile awarded r 7 00 000 bonus prize call phone
spam,cmon babe txt fantasy babe need reply cost 1 50 2 cancel send stop
ham,smoking people use wylie smoke much justify ruining shit
ham,cold dont sad dear
ham,hi technical support providing assistance u customer call email
ham,hey sathya till dint meet even single time saw situation sathya
ham,co darren say considering mah ask
ham,carlos say mu lt gt minute
ham,wanna art
ham,night ended another day morning come special way good morning
ham,done internet connection v slow send try later first thing tomo
ham,see knew giving break time woul lead always wanting miss curfew gonna gibe til one midnight movie gonna get til 2 need come home need getsleep anything need b studdying ear training
spam,reat investment assured return commercial space aim sanya 0km frm delhi nr metro station sec 15 noida 9500 sqft call 995309696
spam,someone u know asked dating service 2 contact cant guess call phone 4 revealed po box385 m6 6wu
ham,whatever im pretty pissed
ham,sorry call later message urgent
spam,orange customer may claim free camera phone upgrade loyalty call 0 phone offer end 14thmarch c apply opt availa
ham,yun ah wkg btw go nu sc wana specialise wad
ham,reached home tired talk u tomorrow
ham,oh way food fridge want go meal tonight
ham,took tablet reaction morning
spam,u subscribed best mobile content service uk 3 per 10 day helpline phone 5
ham,ya telling abt tht incident
ham,hey forget mine possession property mmm childish smile
ham,please da call mistake side sorry da pls da goto doctor
spam,congrats 2 mobile 3g videophones r call phone 3 videochat wid ur mate play java game dload polyh music noline rentl bx420 ip4 5we 150pm
spam,u secret admirer looking 2 make contact u find r reveal think ur special call phone
ham,tot u outside co darren say u come shopping course nice wat jus went sim lim look mp3 player
ham,dont worry 1 day big lambu ji vl come til enjoy batchlor party
ham,ok finish 6
spam,hi 2nights ur lucky night uve invited 2 xchat uk wildest chat txt chat 86688 150p msgrcvdhg suite342 2lands row w1j6hl ldn 18yrs
ham,yeah like go like friend imma flip shit like half hour
ham,office na
ham,lol yep yesterday already got fireplace another icon sitting
ham,discussed mother ah
spam,1 polyphonic tone 4 ur mob every week txt pt2 87575 1st tone free get txtin tell ur friend 150p tone 16 reply hl 4info
ham,u ask darren go n pick u lor oso sian tmr haf 2 meet lect
spam,winner valued network customer hvae selected receive 900 reward collect call phone 4 valid 24 hour acl03530150pm
ham,haha hope hear receipt sound gd luck
ham,webpage available
ham,r giving second chance rahul dengra
spam,8007 25p 4 alfie moon child need song ur mob tell ur m8s txt tone charity 8007 nokias poly charity polys zed phone 2 profit 2 charity
ham,hi always online yahoo would like chat someday
ham,give u back id proof lt gt r wont allow work come home within day
ham,come room point iron plan weekend
ham,even cant close eye vava playing umma
ham,dont use hook
spam,80488 500 free text message valid 31 december 2005
ham,gentle baby soon taking
ham,thats cool gentleman treat dignity respect
ham,shall get pouch
ham,well big surprise
ham,k best congrats
ham,neva grumble sad lor hee buy tmr lor aft lunch still meetin 4 lunch tmr neva hear fr lei got lot work ar
ham,pen thing beyond joke wont biro master ever
ham,xy trying smth u eat already havent
ham,yes thought thanks
ham,gonna home soon want talk stuff anymore tonight k enough today
ham,phone weirdest auto correct
ham,mm feeling sleepy today shall get dear
spam,selected stay 1 250 top british hotel nothing holiday worth 350 claim call london phone 0 bx 526 sw73ss
spam,sm ac sun0819 post hello seem cool wanted say hi hi stop send stop 62468
ham,sorry da thangam sorry held prasad
ham,home work meh
spam,rental helpline phone 1000 100 000 sq ft noida gr noida office industrial use goldenberg estate pvt ltd email phone
spam,ur cash balance currently 500 pound maximize ur cash send go 86688 150p msg cc phone 1 hg suite342 2lands row w1j6hl
ham,coming back thursday yay gonna ok get money cheer oh yeah everything alright hows school call work
ham,id onluy matter getting offcampus
ham,sad story man last week b day wife nt wish parent forgot n kid went work even colleague wish entered cabin pa said happy b day bos felt special askd 4 lunch lunch invited apartment went said u mind go bedroom minute ok sed sexy mood came 5 minuts latr wid cake n wife parent kidz friend n colleague screaming surprise waiting sofa naked
ham,lol u still feeling sick
ham,schedule next week town weekend
spam,received request purchasing paytm payment bank fastag total amount paid r 250 tag cost r 100 security deposit r 0 threshold r 150 case query please contact u url
ham,donno scorable
spam,urgent please call phone 1 landline complimentary 4 lux costa del sol holiday 1000 cash await collection ppm 150 sae c james 28 eh74rr
ham,tomorrow going theatre come wherever u call tell come tomorrow
ham,haha get used driving usf man know lot stoner
ham,thinl role like sachin standing others hit
ham,hey congrats 2u2 id luv 2 ive 2 go home
ham,guy close
ham,want lt gt r da
ham,right think
ham,life face choice toss coin becoz settle question coin air u know heart hoping gudni8
ham,came hostel going sleep plz call class hrishi
ham,yes princess want please every night wish command
ham,haha yeah 2 oz kind shitload
ham,wishing wonderful week
ham,haha good hear officially paid market 8th
ham,get dump heap mom decided come lowes boring
ham,wot student discount u get book
ham,sorry cant take call right happens r 2waxsto wat want come ill get medical insurance able deliver basic care currently shopping right medical insurance give til friday morning thats see major person guide right insurance
ham,alex know guy sell mids south tampa think could set like 8
ham,ok say regard
ham,total video converter free download type google search
ham,youdoing later sar xxx
ham,make time tonight whenever cool text whenever around
ham,much blackberry bold2 nigeria
ham,home lei
ham,shall bring u bottle wine keep u amused joking bring one anyway
spam,important customer service announcement premier
spam,congratulation thanks good friend u 2 000 xmas prize 2 claim easy call phone 8 10p per minute bt national rate
ham,dont search love let love find u thats called falling love bcoz u dont force u fall u know smeone hold u bslvyl
ham,bring got
ham,im arestaurant eating squid 10 30 wanna dosomething late
spam,freemsg 1 month unlimited free call activate smartcall txt call 68866 subscriptn3gbp wk unlimited call help phone 4 stop txt stop landlineonly
ham,ok lor reaching message
ham,good evening sir hope nice day wanted bring notice late paying rent past month pay lt gt charge felt would inconsiderate nag something give great cost didnt speak however recession wont able pay charge month hence askin well ahead month end please help thank everything
ham,soon real thing princess make wet
ham,fishrman woke early mrng dark waited amp found sack ful stone strtd throwin thm in2 sea 2 pas time atlast jus 1stone sun rose amp found tht r nt stone diamond moral dont wake early mrng good night
ham,alright thanks advice enjoy night try get sleep
spam,freemsg feelin kinda lnly hope u like 2 keep company jst got cam moby wanna c pic txt reply date 82242 msg150p 2rcv hlp phone 6 stop 82242
ham,made payment dont much sorry would want fedex way
ham,aiyar sorry lor forgot 2 tell u
spam,1 new voicemail please call phone 3
ham,called hoping l8r malaria know miss guy miss ban big pls give love especially great day
ham,yeah leave maybe 7ish
spam,big brother alert computer selected u 10k cash 150 voucher call phone 8 ntt po box cro1327 18 bt landline cost 150ppm mobile vary
ham,faith make thing possible hope make thing work love make thing beautiful may three christmas merry christmas
ham,also cbe pay
spam,today offer claim ur 150 worth discount voucher text yes 85023 savamob member offer mobile c phone 6 3 00 sub 16
ham,thank like well
ham,think need going late school night especially one class one missed last wednesday probably failed test friday
ham,ur paper today e morn aft
spam,400 xmas reward waiting computer randomly picked loyal mobile customer receive 400 reward call phone 1
ham,hi dear saw dear happy battery low
ham,beautiful truth gravity read carefully heart feel light someone feel heavy someone leaf goodmorning
ham,remember ask alex pizza
ham,entered cabin pa said happy b day bos felt special askd 4 lunch
ham,forgot tell smth like number section clearer
ham,yar lor wan 2 go c horse racing today mah eat earlier lor ate chicken rice u
ham,good r u working
ham,want go perumbavoor
ham,please ask macho price range want something new used plus interfued blackberry bold lt gt bb
ham,sitting mu waiting everyone get suite take shower
ham,erm thought contract ran the4th october
ham,nothing got msg frm tht unknown
ham,check room befor activity let u know
ham,home watching tv lor
spam,u get 2 phone wanna chat 2 set meet call phone 6 u cum 2moro luv jane xx call 1 minmoremobsemspobox45po139wa
ham,oh icic k lor den meet day
ham,ok happen behave like
spam,new local date area lot new people registered area reply date start 18 url replys150
ham,think u got think use got good ni8
ham,sorry call later buzy
spam,friendly reminder forget confirm sam update day url reply stop opt
spam,freemsg fancy flirt reply date join uk fastest growing mobile dating service msg rcvd 25p optout txt stop 83021 reply date
ham,thanks hope good day today
ham,yet like keep touch easiest way barcelona way ru house
ham,tessy pls favor pls convey birthday wish nimya pls dnt forget
ham,nah man car meant crammed full people
ham,ok thanx take care
ham,neft transaction reference number lt gt r lt decimal gt credited beneficiary account lt gt lt time gt lt gt
ham,outside office take
ham,k happen tonight
spam,dear u invited xchat final attempt contact u txt chat 86688
ham,k work something
ham,see film
ham,arrived see couple day lt 3
ham,hello lover go new job happy think wake slave send teasing kiss across sea
ham,talk atleast day otherwise miss best friend world shakespeare shesil lt gt
spam,urgent dear fl1pkart customer trying contact last weekend draw show w0n r 4 00 000 prize guaranteed call phone claim code lucky52 valid 12hrs
ham,dun cut short leh u dun like ah failed quite sad
ham,thats cool day
spam,u secret admirer looking 2 make contact u find r reveal think ur special call phone 2 stopsms phone 0150ppm
spam,congratulation winner august 1000 prize draw call phone 0 prize code 2309
ham,hard true much show amp express love someone much hurt leave get seperated ud evening
ham,lemme know
ham,neva mind ok
ham,th gower mate r u man good wale ill b back morrow c u wk msg 4 random
ham,impossible argue always treat like sub like never released remind necessary
ham,good evening good luck
ham,love hear v see sundayish
ham,im good thinking
ham,kaiez enjoy ur tuition gee thk e second option sound beta go yan jiu den msg u
ham,loosu go hospital de dont let careless
ham,mean confirmed tot juz say oni ok
ham,wish u feel alone
ham,man carlos definitely coming mu tonight excuse
ham,hey bored thinking u wat r u
ham,finally happened aftr decade beer cheaper petrol goverment expects u drink drive
ham,want kiss feel next
spam,sm ac sptv new jersey devil detroit red wing play ice hockey correct incorrect end reply end sptv
ham,guess pub im im happy pig clover whatever saying
ham,valentine huh proof fb page ugh glad really watch rupaul show tool
ham,customer place call later
ham,thinking lifting one
spam,urgent trying contact last weekend draw show u 1000 prize guaranteed call phone 5 claim code k52 valid 12hrs 150p pm
ham,please text anymore nothing else say
ham,gal n boy walking park gal hold ur hand boy u think would run away gal jst wana c feel walking heaven prince gn
ham,hello love go day wish well fine babe hope find job prospect miss boytoy teasing kiss
ham,cancel cheyyamo get money back
ham,convey regard best
ham,ya ok vikky vl c witin lt gt min il reply u
ham,yeah probably swing roommate finish girl
ham,lol please actually send pic right wanna see pose comb hair dryer something
ham,sorry wll later
ham,probably come everybody done around lt gt right
ham,also track lighter find
spam,guess first time created web page url read wrote waiting opinion want friend 1 1
ham,hope pee burn tonite
spam,today vodafone number ending 3156 selected receive r 2 00 000 award match please call phone quoting claim code 9823 standard rate apply
ham,yup thk cine better co need 2 go 2 plaza mah
ham,oh brand
ham,k da many page want
ham,alright sure let know leaving
ham,time coming
ham,problem
spam,summer finally fancy chat flirt sexy single yr area get matched reply summer free 2 join optout txt stop help phone 4
ham,ok enjoy r u home
ham,would great guild could meet bristol road somewhere get touch weekend plan take flight good week
ham,word checkmate chess come persian phrase shah maat mean king dead goodmorning good day
ham,hi im relaxing time ever get 7am every day party good night get home tomorrow 5ish
ham,e msg jus u said thanks gift
ham,u get pic msg phone
ham,plane give month end
ham,call 10 10 make sure dat woken
ham,tmrw im finishing 9 door
spam,congrats 2 mobile 3g videophones r call phone 0 videochat wid mate play java game dload polyph music noline rentl
spam,dont forget place many free request 1stchoice co uk wish information call phone 6
ham,well told others marry
ham,really quite funny lor wat u shd haf run shorter distance wat
ham,opening mca
ham,ok ok guess
ham,whats staff name taking class u
ham,reached home n bathe liao u call
ham,bishan lei tot say lavender
ham,sorry battery died come getting gram place
ham,well know z take care worry
ham,going buy mum present ar
ham,honey boo missing u
ham,thanks sending mental ability question
ham,ok try week end course coimbatore
ham,oh ok prob
spam,life never much fun great came made truly special forget enjoy one gbp sm
ham,come round
ham,yes nigh cant aha
ham,hey hey werethe monkeespeople say monkeyaround howdy gorgeous howu doin foundurself jobyet sausage love jen xxx
ham,miss ya need ya want ya love ya
ham,hmm well night night
spam,registered optin subscriber ur draw 4 100 gift voucher entered receipt correct an 80062 whats no1 bbc chart
ham,gumby special lt gt cheese pizza 2 know doin tonight
ham,ok r meeting later
spam,u r winner u ave specially selected 2 receive 1000 cash 4 holiday flight inc speak live operator 2 claim phone 710p min 18
ham,today accept day u accept brother sister lover dear1 best1 clos1 lvblefrnd jstfrnd cutefrnd lifpartnr belovd swtheart bstfrnd
spam,phone 1 rodger burn msg tried call reply sm free nokia mobile free camcorder please call phone 5 delivery tomorrow
spam,atm block dear customer due system upgrade atm card de activated activate call customer care help phone
ham,need go get
ham,hey booked 2 lesson sun liao
ham,feel always happy slowly becomes habit amp finally becomes part life follow happy morning amp happy day
ham,meet library
ham,havent got da topic yet rite
ham,directly behind abt 4 row behind
ham,whatever want know rule talk earlier week start happening showing responsibility yet every week bend rule way way whatever tired thia argument every week lt gt movie doesnt inlude preview still getting 1
ham,strange watching 2nd one bed sweet dream miss u
ham,da stupid da always sending like believe message pandy mental
ham,cancer mom making big deal regular checkup aka pap smear
ham,tunji queen wishing great day abiola
ham,height oh shit situation guy throw luv letter gal fall brother head who gay
ham,way ur home
spam,reply name address receive post week completely free accommodation various global location url ph phone 5150p
ham,dude saw parked car sunroof popped sux
ham,sir waiting letter
ham,message text missing sender name missing number missing sent date missing missing u lot thats everything missing sent via fullonsms com
ham,2marrow wed lt gt 2 aha
ham,k call ah
spam,regret inform nab card locked unlock please update security detail url
ham,dunno u ask
ham,much fight good nite
ham,sorry able get see morning
ham,said problem let know
ham,probably still going stuff
ham,hello good week fancy drink something later
ham,place man
ham,dint touch
ham,u get message
ham,think spatula hand
ham,yar quite clever aft many guess lor got ask 2 bring thk darren willing 2 go aiya thk leona still attach wat
ham,way office
ham,know girl always safe selfish know got pa thank good night
ham,ok chikku 1 favourite song
ham,wait till 2 bus pick
spam,valentine day special win 1000 quiz take partner trip lifetime send go 83600 custcare phone 1
ham,yeah go bored depressed sittin waitin phone ring hope wind drop though scary
ham,mystery solved opened email sent another batch sweetie
ham,would still cozy exhausted last night nobody went school work everything closed
ham,thank baby cant wait taste real thing
ham,hi hope u r ok said would text u seen let gently please
ham,desire u going doctor 4 liver get bit stylish get ur hair managed thats
ham,oh fine tonight
ham,last week b day wife nt wish parent forgot n kid
ham,hi dev call urgnt know whats problem want work problem wating reply
ham,know u mean king havin credit goin2bed night night sweet only1more sleep
ham,uncle boye need movie oh guide plus know torrent particularly legal system slowing gr8 day plus started co dont meet online honey moon
ham,dear denying word please
ham,need person give na
ham,ok lor msg b4 u call
ham,yes baby study position kama sutra
ham,got rumour going buy apartment mumbai
ham,thinkin someone good drug
ham,good let thank god please complete drug lot water beautiful day
ham,lol grr mom taking forever prescription pharmacy like 2 minute away ugh
ham,pure hearted person wonderful smile make even enemy feel guilty enemy catch world smile goodmorning amp smiley sunday
ham,surprised still guess right lor
ham,aiyo u poor thing u dun wan 2 eat u bathe already
spam,get garden ready summer free selection summer bulb seed worth 33 50 stop go2 notxt co uk
spam,update message user log verity login choose existing question answer correctly click url om tdmobile internet support team
ham,seriously tell exact word right
ham,baaaaabe miss youuuuu go teach class 5
ham,umma life vava umma love lot dear
ham,sorry call later busy meeting
ham,yup ok thanx
ham,thanks yesterday sir wonderful hope enjoyed burial mojibiola
ham,wow love sooo much know barely stand wonder day go well love think miss
ham,ooooooh forgot tell u get yoville phone
ham,thought praps meant another one goodo look tomorrow
ham,printed oh lt gt come upstairs
ham,askd u question hour reply
ham,affidavit say lt gt e twiggs st division g courtroom lt gt lt time gt double check text tomorrow
ham,also remember bead come ever
ham,know people hit hit yes
ham,sent de webadres geting salary slip
spam,winner valued network customer selected receivea 900 prize reward claim call phone 1 claim code kl341 valid 12 hour
ham,easy ah sen got selected mean good
ham,u reckon need 2 arrange transport u thanks
ham,urgh coach hot smell chip fat thanks especially duvet predictive text word
ham,never wanted tell short edge late
ham,hear
ham,ok u enjoy ur show
spam,welcome select o2 service added benefit call specially trained advisor free mobile dialling 402
ham,tell happen dont behave like ok need say
ham,know need get hotel got invitation apologise cali sweet come english bloke weddin
ham,great getting worried know wonderful caring person like best life know u r wonderful god love
ham,gonna blake night might able get little early
spam,urgent trying contact u today draw show 800 prize guaranteed call phone 9 land line claim m95 valid12hrs
ham,ah poor baby hope urfeeling bettersn luv probthat overdose work hey go careful spk 2 u sn lot lovejen xxx
ham,congrats great wanted tell tell score co might make relax motivating thanks sharing
ham,fine got enough bud last night least
ham,life mean lot love life love people life
ham,supposed wake gt
ham,ball moving lot spin last difficult bat
spam,congratulation u claim 2 vip row ticket 2 c blu concert november blu gift guaranteed call phone 6 claim t c url cost 3 75max
ham,even friend priest call
spam,check choose babe video sm shsex netun fgkslpopw fgkslpo
ham,argh 3g spotty anyway thing remember research province sterling problem free place looked
ham,give time walk
spam,believe true incredible txts reply g learn truly amazing thing blow mind
ham,tomorrow going office come wherever say tell come
ham,wondering others took
ham,exactly anyways far jide study visiting
ham,hows watch resizing
ham,alright good night
ham,norm tomorrow finish 4 15 co st test need sort library stuff point tomo got letter today access til end march better get move
ham,beauty life next second hide thousand secret wish every second wonderful ur life gud n8
spam,2p per min call germany phone 5 bt line 2p per min check planettalkinstant com info c text stop opt
ham,anything lor u decide
ham,always saying welp
ham,beerage
ham,home please call u wll free
ham,come slave going shell unconsciously avoiding making unhappy
ham,home
ham,also piece
ham,hey anyway
ham,c movie juz last minute decision mah juz watch 2 lar tot interested
ham,oh getting even u u
ham,excellent see riley plan
ham,great run ttyl
ham,collect ur laptop
spam,85233 free ringtone reply real
ham,send id password
spam,unique enough find 30th august url
spam,valentine day special win 1000 quiz take partner trip lifetime send go 83600 150p msg rcvd custcare phone 1
ham,guy get used dumb realize
ham,sorry earlier putting fire around talk 9 actually life lol
spam,win winner mr tilo ipod exciting prize soon keep eye ur mobile visit url
ham,u go phone gonna die stay
ham,think tantrum finished yeah point
ham,running managed 5 minute needed oxygen might resort roller option
ham,smile pleasure smile pain smile trouble pours like rain smile sum1 hurt u smile becoz someone still love see u smiling
ham,new year plan
ham,thanks lot wish birthday thanks making birthday truly memorable
ham,see finish load loan pay
spam,unique user id 1172 removal send stop 87239 customer service phone 2
ham,ok lor early still project meeting
ham,mean u could keep ur word
ham,double eviction week spiral michael good riddance
spam,urgent mobile number awarded ukp 2000 prize guaranteed call phone 5 landline claim 3030 valid 12hrs 150ppm
ham,get opinion something first
ham,going college pa else ill come self pa
spam,urgent please call phone abta complimentary 4 spanish holiday 10 000 cash await collection sae c box 47 po19 2ez 150ppm 18
ham,hi spoke deepak like know satisfied experience reply toll free yes
ham,ill obey
ham,enjoying semester take care brother
ham,hi jon pete ive bin 2 spain recently hav sum dinero left bill said u ur rent mayb interested hav 12 000pes around 48 tb james
spam,hot live fantasy call phone 0 20p per min ntt ltd po box 1327 croydon cr9 5wb 0870 national rate call
ham,remains bro amongst bros
ham,pls pls find aunt nike
ham,none nowhere ikno doesdiscount shitinnit
ham,right meanwhile project twin comin
ham,justbeen overa week since broke already brain going mush
ham,yeah quite bit left swing tomorrow get
spam,dear subscriber ur draw 4 100 gift voucher b entered receipt correct an elvis presley birthday txt answer 80062
spam,mobile internet ka full fayda ab karo download mp3 image video game sirf re1 mein click url surfing 10p 10kb
ham,sound like many talent would like go dinner date next week
ham,yeah open chat click friend list make list easy pie
ham,gd luck 4 ur exam
ham,phone ringing
ham,well right gonna get check today steam sale pee text want come get
ham,sry talk phone parent
ham,stupid possible u
ham,wat dear sleeping ah
ham,fwiw reason around time smoke gas afford around someone tell apparently happens somebody want light
ham,doesnt need test
ham,true lov n care wil nevr go unrecognized though somone often make mistake valuing definitly undrstnd start missing
ham,evry emotion dsn hav word evry wish dsn hav prayrs u smile world wit u othrwise even drop tear dsn lik 2 stay wit u b happy good morning keep smiling
ham,oh k watching hv attentive time
spam,urgent trying contact u today draw show 800 prize guaranteed call phone 5 land line claim a21 valid 12hrs
ham,siva hostel aha
ham,check error difficulty correction
ham,think might give miss teaching til twelve lecture two damn working thing
spam,congratulation ur awarded 500 cd voucher 125gift guaranteed free entry 2 100 wkly draw txt music 87066 tncs url
ham,hi kate u give ring asap xxx
ham,5000 ish minute 5 minute ago wtf
ham,well babe swollen gland throat end
ham,dun believe leh tot told true already thk muz c u tog believe
ham,wot wed nite 3 til 9
ham,whatsup r u sleeping
ham,actually waiting 2 week start putting ad
ham,tired special
ham,uhhhhrmm isnt tb test bad youre sick
ham,customer place call wll free
ham,raji pls favour pls convey birthday wish nimya
ham,call later afternoon onwords mtnl service get problem south mumbai hear cann listen
spam,santa calling would little one like call santa xmas eve call phone 3 book time
ham,sent ur email id soon
ham,got job wipro get every thing life 2 3 year
spam,cashbin co uk get lot cash weekend url dear welcome weekend got biggest best ever cash give away
ham,hi kate evening hope see tomorrow bit bloody babyjontet txt back u xxx
ham,haha awesome omw back
spam,specially selected receive 3000 award call phone 0 line close cost 10ppm 16 c apply ag promo
ham,love give massage use lot baby oil fave position
ham,well glad find totally disagreeable lol
ham,ill call evening ill idea
ham,oh k placement ah
ham,wat uniform get
ham,yes obviously egg pert potato head speak soon
ham,hurry weed deficient like three day
ham,morning ok
ham,send pic like
ham,tuesday night r u 4 real
ham,cause old live high
ham,tell said eat shit
ham,say give call friend got money definitely buying end week
ham,ummma call check life begin qatar pls pray hard
spam,win 1000 cash prize prize worth 5000
spam,2nd time tried contact u u 400 prize 2 claim easy call phone 48 10p per minute bt national rate
ham,hi babe im home wanna something xx
ham,think steyn surely get one wicket
ham,actually decided hungry left yet v
ham,sound gd haha wah u yan jiu fast liao
ham,babe think got ur brolly left english wil bring 2mrw 4 u luv franxx
ham,today love u day send dis ur valued frnds evn 3 come back u gt married person u luv good luck
ham,aight ask roommate
ham,love sushma love u lot
ham,say slowly god love amp need clean heart blood send ten special people amp u c miracle tomorrow pls pls
ham,talk
ham,happy birthday may ur wish come true stay blessed
ham,oops thk dun haf enuff go check tell
ham,also hi wesley
ham,come aftr lt decimal gt cleaning house
ham,hey sat going intro pilate kickboxing
ham,doubt could handle 5 time per night case
ham,ha say read anything way u seemed like 2 judgemental save friday pub
ham,o called ubandu run without installing hard disk use o copy important file system give repair shop
ham,japanese proverb one u none u must indian version one let none leave finally kerala version one stop none make strike
spam,private 2003 account statement fone show 800 un redeemed point call phone 6 identifier code 42049 expires 26 10 04
ham,yes trust u buy new stuff asap try
ham,searching right word thank breather promise wont take help granted fulfil promise wonderful blessing time
ham,umma say anything
ham,come home one last time wont anything trust
ham,babe miiiiiiissssssssss need crave geeee sad without babe love
ham,one day billion class right
ham,need 8th campus atm could pick hour two
ham,hello u call wen u finish wrk fancy meetin wiv u tonite need break dabooks 4 hr last nite 2 today wrk
ham,weather
ham,office whats matter msg call break
ham,jus finish lunch way home lor tot u dun wan 2 stay sch today
ham,sure trying make xavier smoke want smoke told smoke much
ham,yes da plm ur office
ham,okay thought expert
ham,sure driving reach destination soon
spam,free 1st week no1 nokia tone 4 ur mob every week txt nokia 87077 zed pobox 36504 w45wq norm150p tone 16
ham,many day since
ham,check room befor activity required
ham,wanted wish happy new year wanted talk legal advice gary split person make trip ptbo hope everything good babe love ya
ham,hope scared
ham,say slowly god love need
ham,dear reach
ham,sorry da thought calling lot time lil busy call noon
ham,fetch yun u fetch
ham,wish think gonna snow much flurry usually get melt hit ground eek snow since lt gt even born
ham,gotta
ham,didnt holla
ham,yeah right bring tape measure fri
ham,dear cherthala case u r coming cochin pls call bfore u start shall also reach accordingly tell day u r coming tmorow engaged an holiday
spam,hold paytm amount sometime complete paytm kyc paytm office ph phone
ham,hi wk ok hols yes bit run forgot hairdresser appointment four need get home n shower beforehand cause prob u
ham,6 get ok
ham,thk wat eat tonight
ham,hmm yeah grooved im looking forward pound special
spam,sex ur mobile free sexy pic jordan text babe 88600 every wk get sexy celeb pocketbabe co uk 4 pic 16 3 wk 087016248
ham,feel like dick keep sleeping text facebook message sup town
ham,frnd juz word merely relationship silent promise say wherevr whenevr forevr gudnyt dear
ham,made day great day
ham,nope forgot show next week
ham,way rencontre meet mountain dont
ham,like hotel dusk game think solve puzzle area thing
ham,seeing missed call dear brother gr8 day
ham,u want come back beautiful necklace token heart thats give wife liking see one give dont call wait till come
ham,said went back bed sleep anything
ham,sign maturity start saying big thing actually start understanding small thing nice evening bslvyl
ham,plural noun research
ham,yup ok go home look timing msg xuhui going learn 2nd may lesson 8am
ham,career tel added u contact indyarocks com send free sm remove phonebook sm lt gt
ham,u coming 2 pick
ham,madam regret disturbance might receive reference check dlf premarica kindly informed rgds rakhesh kerala
ham,dude im longer pisces im aquarius
ham,one stalk profile
ham,wait till end march el nino get oh
ham,really good dhanush rock
ham,oh ho first time u use type word appreciated
ham,good time nice something bit different weekend change see ya soon
ham,sound like plan cardiff still still cold sitting radiator
ham,wondar full flim
ham,nope watching tv home going v bored
ham,carlos taking sweet time usual let know patty done want smoke tell haul as
ham,many time lose best one bcoz
ham,oh oh den muz change plan liao go back yan jiu
ham,ok anybody asks abt u tel p
ham,hey mr whats name bill brison book one language word
ham,dunno close oredi v fan
ham,wnt buy car urgently
ham,shall come pick
ham,u horrible gal u knew dat going wif yest n u still come n ask
ham,arngd marriage u r walkin unfortuntly snake bite u bt love marriage dancing frnt snake amp sayin bite bite
ham,available soiree june 3rd
ham,surfing online store offer want buy thing
spam,3 free tarot text find love life try 3 free text chance 85555 16 3 free msg 1 50
ham,cuz ibored wanna study
ham,hair cream shipped
ham,get gift year didnt get anything bad
ham,hey sexy bun day word morning ym think
ham,nothing u dinner w u
ham,lemme know swing pick free basically time 1 semester
ham,one small prestige problem
ham,actually first time went bed long spoke woke 7 night
ham,well officially philosophical hole u wanna call home ready saved
ham,check mail mailed varma kept copy regarding membership take care insha allah
ham,omg make wedding chapel frontierville get good stuff
ham,dnt worry use ice piece cloth pack also take 2 tablet
ham,meet lunch la
spam,private 2003 account statement show 1000 un redeemed point call phone 5 identifier code 4xx26 expires 13 10 04
ham,probably couple hour top
ham,hope great day
spam,win newest harry potter order phoenix book 5 reply harry answer 5 question chance first among reader
ham,pay first lar da stock comin
spam,married local woman looking discreet action 5 real match instantly phone text match 69969 msg cost 150p 2 stop txt stop bcmsfwc1n3xx
spam,loan amount 500 75 000 homeowner tenant welcome previously refused still help call free 0 phone text back help
ham,u download fring app
ham,happen tell truth
ham,wait still clear sure sarcastic x want live u
spam,important information 4 orange user 0796xxxxxx today ur lucky day 2 find log onto url
ham,searching right word thank brother promise wont take help granted fulfill promise helping time
ham,one teach ship car
spam,dear voucher holder 2 claim week offer pc go url t c app
ham,got call landline number asked come anna nagar go afternoon
ham,film ill call later
spam,dear voucher holder 2 claim week offer pc go url t c apply 2 stop text txt stop 80062
ham,clothes jewelry trip
ham,talk g x
ham,gosh pain spose better come
ham,oh god happy see message 3 day
ham,hmm many unfortunately pic obviously arent hot cake kinda fun tho
spam,message brought gmw ltd connected
ham,many happy return day wish happy birthday
ham,hi shanil rakhesh thanks exchanged uncut diamond stuff leaving back excellent service dino prem
ham,sorry went bed early nightnight
ham,yes care cause know
ham,huh mean computational science like dat one push n
ham,study alone without anyones help cant need study
ham,ur si
ham,way transport less problematic sat night way u want ask n join bday feel free need know definite no booking fri
ham,awesome plan get time like lt gt text detail wee bit
ham,boo way mom making tortilla soup yummmm
ham,hi babe thanks coming even though didnt go well wanted bed hope see soon love kiss xxx
ham,finished work yet
spam,iphone id due expire today please tap url update prevent loss service apps
ham,mmmmm loved waking word morning miss love hope day go well happy wait u together
ham,wat make people dearer de happiness dat u feel u meet pain u feel u miss dem
ham,think da wil
ham,gettin bit arty collage mo well tryin 2 ne way got roast min lovely shall enjoy
ham,damn make tonight want wait til tomorrow
ham,x2 lt gt going get
ham,look amy ure beautiful intelligent woman like u lot know u like like worry
ham,ha u e thing got tv 2 watch u thk 2 go tonight u already haf smth mind
ham,sort code acc bank natwest reply confirm sent right person
ham,per request maangalyam thirupathe set callertune caller press 9 copy friend callertune
ham,r comin back dinner
ham,sorry call later meeting thing related trade please call arul lt gt
spam,free entry 2 weekly comp chance win ipod txt pod 80182 get entry call phone 3
ham,hi missed call mumhas beendropping red wine theplace adress
ham,good morning dear great amp successful day
ham,getting worried derek taylor already assumed worst
ham,went project centre
ham,pls speak customer machan
ham,oh yeah clearly fault
ham,sure since parent working tuesday really need cover story
ham,sorry call later hope u understand
spam,win year supply cd 4 store ur choice worth 500 enter 100 weekly draw txt music 87066 t c url
ham,sure breakfast menu know noon menu
ham,want talk
ham,good day pray remove teeth painful maintaining stuff
spam,free camera phone linerental 4 49 month 750 cross ntwk min 1 2 price txt bundle deal also avble call phone 2
ham,ok good making money
spam,free 1st week no1 nokia tone 4 ur mobile every week txt nokia 8077 get txting tell ur mate url pobox 36504 w45wq 16 norm150p tone
spam,someone conacted dating service entered phone fancy find call landline phone 6 pobox12n146tf15
ham,hmmm thought said 2 hour slave 3 late punish
ham,u lunch alone bored
ham,u want 2 meet 2morro
ham,yes ammae life take lot turn sit try hold steering
ham,pls go ahead watt wanted sure great weekend abiola
ham,yar else thk sort funny thing
ham,surly ill give coming review
spam,rock yr chik get 100 filthy film xxx pic yr phone rply filth 69669 saristar ltd e14 9yt phone 0 450p per 5 day stop2 cancel
ham,nope waiting sch 4 daddy
spam,hey really want chat text hot 69698 text charged 150pm unsubscribe text stop 69698
ham,try g decided head
ham,pls need dat slowly vomit
ham,said would woke
ham,time coming later
ham,get cash together text jason
ham,2 sleeping bag 1 blanket paper phone detail anything else
ham,honeybee said sweetest world god laughed amp said wait u havnt met person reading msg moral even god crack joke gm gn ge gn
ham,hi yijue meet u 11 tmr
spam,subscribe weekly ringtone get 1st week free send subpoly 81618 3 per week stop sm phone 0
spam,free entry gr8prizes wkly comp 4 chance win latest nokia 8800 psp 250 cash every wk txt great 80878 http url phone 2
ham,ok wahala remember friend need
spam,maac leader 3d animation vfx multimedia gaming announces free seminar next bollywood 28may industry professional call phone pass
ham,u drive lor
ham,ok tell later
ham,hi kate lovely see tonight ill phone tomorrow got sing guy gave card xxx
ham,anyways go gym whatever love smile hope ok good day babe miss much already
spam,dear 0776xxxxxxx u invited xchat final attempt contact u txt chat 86688
ham,hey gorgeous man work mobile number good one babe squishy mwahs
ham,quite lor dun tell wait get complacent
ham,really need shit tomorrow know awake like 6
spam,hello darling today would love chat dont tell look like sexy
ham,farm open
spam,urgent mobile 2 000 bonus caller prize 02 06 03 2nd attempt reach call phone 0 asap box97n7qp 150ppm
ham,lol nah bad thanks good b home quite reality check hows ur day u anything website
spam,claire havin borin time alone u wanna cum 2nite chat phone 3 hope 2 c u luv claire xx call 1 minmoremobsemspobox45po139wa
ham,yeah think use gt atm register sure anyway help let know sure ready
ham,good evening roger
ham,come ur home
ham,carry disturbing
ham,7 esplanade mind giving lift co got car today
ham,sac score big hundred set batsman
spam,exited specified 1 mile radius three separate occasion today penalty notice issued address held electoral roll info appeal filed gov uk cvpenalty stay home protect nh save life
ham,carlos minute still need buy
ham,ful song lyric
spam,winner phone chosen 2500 cash prize call phone
ham,work week
ham,please tell special stock talking
ham,2 oz guy kinda flaky one friend interested picking lt gt worth tonight possible
ham,gam gone outstanding inning
ham,oh rite well im best mate pete went 4 week 2geva longer week
ham,hey happen de alright
ham,dear ok
ham,lol yeah point guess
ham,say dying man feel sad go wanted know would probably gone late night
spam,residential plot allotment new moradabad nearby holiday regency 5 hotal plot size 90 112 162 200 300 351 400sq mtr rate email call phone
ham,send print out da
ham,oh yeah forgot u take 2 shopping
ham,fine hope good take care
ham,master buy bb co sale bf
ham,mum sent many many message since got want know actually getting enjoy rest day
ham,hey come online use msn
ham,test earlier appreciate call tomorrow
spam,ur cash balance currently 500 pound maximize ur cash send collect 83600 150p msg cc phone 1 po box 114 14 tcr w1
ham,ok gentleman treat dignity respect
ham,dont thnk wrong discussion
ham,got ur favorite oyster n got favorite sashimi ok lar dun say already wait ur stomach start rumbling
ham,information ikea spelled cap yelling thought left sitting bed among mess came said going got home class please try bullshit make want listen less
ham,sent price mean lt gt g
ham,oh yeah diet flew window
ham,love working home
ham,right second gotta hit people first
ham,gettin rdy ship comp
ham,saw message k da
ham,ok come n pick u engin
ham,catch bus frying egg make tea eating mom left dinner feel love
ham,many many happy return day dear sweet heart happy birthday dear
ham,alright bring see like lt gt min
ham,also da feel yesterday night wait til 2day night dear
ham,many time told stage use laugh listen aha
ham,captain vijaykanth comedy captain tv drunken
ham,hope good week checking
ham,good afternoon loverboy go day luck come way think sweetie send love across sea make smile happy
ham,cool ta luv v tired 2 cause doin load planning wk got social service inspection nursery take care spk sn x
ham,u doin baby girl hope u okay every time call ure phone miss u get touch
ham,ok theory test going book think 21 may coz thought wanna go jiayin isnt free
spam,link picture sent also use url
ham,cme want go ho 2morow wil cme got dear didnt say time
spam,nationwide noticed debit card recently used 25 10 2015 13 04 43 apple online store 1976 00 gbp please urgently call fraud preventaion phone 2 intl phone reply sm url
spam,mila age23 blonde new uk look sex uk guy u like fun text mtalk 69866 18 help phone 6
spam,urgent please call phone 7 landline 5000 cash 4 holiday await collection c sae po box 177 m227xy 16
ham,ok popped ask bout something said around tonght wen girl come
ham,da intro cover energy trend n pro n con brief description nuclear fusion n oso brief history iter n jet got abt 7 n half page
spam,december mobile 11mths entitled update latest colour camera mobile free call mobile update co free phone 6
ham,im fine babe aint 2 much tho saw scary movie yest quite funny want 2mrw afternoon town mall sumthin xx
ham,wn u r hurt prsn close 2 u fight wit dem coz somtimes dis fight save relation bt quiet leaf nothin relation gud eveb
spam,one call change life weight loss gain 5 25 kg side effect 100 ayurvedic product money back guarantee call phone phone
ham,thanks love torch bold
ham,lot happened feel quiet beth aunt charlie working lot helen mo
ham,hi dis yijue would happy work wif gek1510
ham,said u mind go bedroom minute ok sed sexy mood came 5 minuts latr wid cake n wife child
ham,co want thing
ham,life nothing wen v get everything life everything wen v miss something real value people wil realized absence gud mrng
ham,money issue weigh thanks breathe easier make sure dont regret thanks
ham,place man u hv perform
ham,ok prob come lunch
spam,owe last tax year please follow secure link http ow ly ozvo308t jxz information
ham,case guess see campus lodge
ham,want sent 30 mesages today sorry
ham,lol great im getting hungry
ham,got like lt gt get later though get whatever feel like
ham,ur face test 1 2 3 4 5 6 7 8 9 lt gt select number tell ur face astrology waiting quick reply
ham,mean got epi fine
ham,u haf 2 keep busy
ham,naughty little thought better flirt flirt n flirt rather loving someone n gettin hurt hurt n hurt gud nyt
ham,still playing gautham
ham,stuff sell tell
ham,ow u dey paid 60 400thousad told u would call
ham,tell rob mack gf theater
spam,pls stop bootydelious 32 f inviting friend reply yes 434 434 see url stop send stop frnd 62468
ham,yup ok
ham,put party 7 day week study lightly think need draw custom checkboxes know hardcore
ham,mm entirely sure understood text hey ho weekend
ham,thts god gift bird human hav natural gift frm god
ham,plan family set stone
ham,k u bored come home
ham,heard abt tat
spam,free ringtone reply real poly eg real1 1 pushbutton 2 dontcha 3 babygoodbye 4 golddigger 5 webeburnin 1st tone free 6 u join 3 wk
ham,probably money worry thing coming due several outstanding invoice work two three month ago
ham,hi way u 2day normal way real ur unique hope know u 4 rest mylife hope u find wot lost
spam,claim 200 shopping spree call phone 8 mobstorequiz10ppm
ham,get library
ham,well like actually called someone punto woulda worse
spam,44 phone want new nokia 3510i colour phone deliveredtomorrow 300 free minute mobile 100 free text free camcorder reply call phone 5
ham,lot sickness thing going round take easy hope u feel better soon lol
ham,wat time u finish ur lect today
ham,hi baby ive got back work wanting see u allday hope didnt piss u phone today u give call xxx
ham,call u done
ham,well im computerless time make oreo truffle
ham,still area restaurant ill try come back soon
ham,thinked first time saw class
ham,ok bus come soon come otherwise tomorrow sure
ham,dont know exactly could ask chechi
ham,account refilled successfully inr lt decimal gt keralacircle prepaid account balance r lt decimal gt transaction id kr lt gt
ham,boytoy miss happened
spam,cd 4u congratulation ur awarded 500 cd gift voucher 125 gift guaranteed freeentry 2 100 wkly draw xt music 87066 tncs url
ham,joining today formally pls keep praying talk later
ham,cheer card time year already
ham,wll start searching get job day
ham,si catching e show e afternoon watching w c u wan 2 watch today tmr lor
spam,chosen receive 350 award pls call claim number phone 1 collect award selected receive valued mobile customer
spam,well done england get official poly ringtone colour flag yer mobile text tone flag 84199
ham,asked anthony dad bf
ham,merry christmas u annie
ham,aight hit get cash
ham,come right ahmad
ham,hi darlin im helen fone im gonna b prince 2 nite please come tb love kate
ham,ah well confuses thing doesnt thought friend maybe wrong thing already sort invited tho may come co money
ham,take like noon
ham,cool text
ham,hello boytoy geeee missing today like send tm remind thinking loved loving kiss
ham,yet chikku going room nw bus
ham,trying weekend v
ham,great send account number
spam,girl bba mba executive mba b sc bio tech b tech flexible timing govt recognized url join bsaitm vikaspuri phone phone
ham,34000 pple marry lover becz hav gud undrstndng dat avoids problem sent dis 2 u u wil get gud news friday person like tomorrow best day life dont break chain break suffer send lt gt frnds lt gt min whn u read
spam,hi sexychat girl waiting text text great night chatting send stop stop service
ham,baby promise treat well bet take good care
ham,hey babe saw came online second disappeared happened
ham,call later network
ham,sad story man last week b day wife nt wish parent forgot n kid went work even colleague wish
ham,problem felt time choose
ham,bbq sat mine 6ish ur welcome 2 come
ham,yeah able text ready meet
ham,aight rush ask jay
spam,1 nokia tone 4 ur mob every week txt nok 87021 1st tone free get txtin tell ur friend 150p tone 16 reply hl 4info
ham,multimedia message e mail
ham,come guoyang go n tell u told
ham,well still bit left guy want tonight
ham,b going esplanade fr home
ham,keep ur problem ur heart b coz nobody fight u u amp u fight ur self amp win battle vivekanand g 9t sd
ham,wat time finish
ham,gobi art college
ham,k k going tirunelvali week see uncle already spend amount taking dress want money give feb 1
spam,need clear doubt exam experienced tutor help click away free helpdesk round clock logon eagetutor com call phone 1
ham,nt driving even many reason called bbd thts chikku hw abt dvg cold heard tht vinobanagar violence hw condition hw ru problem
ham,come tomorrow di
ham,u talking bout early morning almost noon
ham,wat r u busy wif work
ham,hai priya right doctor said pa
spam,important message final contact attempt important message waiting customer claim dept expires 13 4 04 call phone 2
ham,boooo always work quit
ham,tell pa pain de
ham,tirupur da started office call
ham,got ten buck jay noncomittal
ham,1apple day doctor 1tulsi leaf day cancer 1lemon day fat 1cup milk day bone problms 3 litre watr day disease snd th 2 u care
ham,tomarrow want got court lt decimal gt come bus stand 9
ham,got call landline number asked come malviya nagar go evening
ham,expressing gratitude brother promise wont take help granted helping time
spam,hv completed transaction aud 788 93 06 02 17 03 27 31 pm please follow link done url
ham,money money aint thing sha
ham,cal sir meeting
ham,frnd necesity life imagine urself witout frnd hw u feel ur colleg wat u wth ur cell wat abt function thnk abt event espe cared missed amp irritated u 4wrd dear loving frnds wthout u cant live jst takecare goodmorning
spam,important information 4 orange user 0796xxxxxx today ur lucky day 2 find log onto url fantastic prizeawaiting
spam,urgent call phone 0 landline complimentary 4 ibiza holiday 10 000 cash await collection sae c po box 434 sk3 8wp 150 ppm 18
spam,today vodafone number ending 8023 selected receive r 2 00 000 award match please call phone quoting claim code 6001 standard rate apply
ham,glad see reply
ham,hello love went day alright think sweet send jolt heart remind love hear screamed across sea world hear ahmad al hallaq loved owned possessive passionate kiss
spam,receiving week triple echo ringtone shortly enjoy
ham,dear shall mail tonite busy street shall update tonite thing looking ok varunnathu edukkukayee raksha ollu good one real sense
ham,deep sigh miss really surprised gone net cafe yet get miss
ham,sister cleared two round birla soft yesterday
spam,urgent please call phone 0 landline abta complimentary 4 tenerife holiday 5000 cash await collection sae c box 326 cw25wx 150 ppm
ham,time month mid time
spam,taking part mobile survey yesterday 500 text 2 use however wish 2 get txts send txt 80160 c url 1 50p
ham,record one night
ham,exam february 4 wish great day
ham,holding
ham,know lt gt around 5
ham,sorry knw
ham,yes u texted pshew missing much
ham,got lousy sleep kept waking every 2 hour see cat wanted come worry cold
ham,dun wear jean lor
ham,going ride bike
ham,get step 2 outta way congrats
ham,great
ham,way send shade stuff wonderful
spam,private 2003 account statement show 800 un redeemed point call phone 4 identifier code 40533 expires 31 10 04
ham,nah straight bring bud drink something actually little useful straight cash
ham,much ur hdd casing cost
ham,huh fast dat mean u havent finished painting
ham,escape theatre going watch kavalan minute
ham,got arrested possession shit lt time gt pm
ham,head dey swell oh thanks making day
ham,macha dont feel upset assume mindset believe one evening wonderful plan u let life begin call anytime
ham,actual exam harder nbme
ham,stop old man get build snowman snow angel snowball fight
ham,ok many buy
spam,sunshine quiz wkly q win top sony dvd player u know country liverpool played mid week txt ansr 82277
ham,sad story man last week b day wife nt wish parent forgot n kid went work even colleague wish entered cabin pa said happy b day bos felt special
ham,yes possible dint try pls dont tell one k
spam,think ur smart win 200 week weekly quiz text play 85222 c winnersclub po box 84 m26 3uz 16 gbp1 50 week
ham,g say never answer text confirm deny
spam,200 free minute mobile 100 free text free camcorder reply call phone
ham,hi frnd best way avoid missunderstding wit beloved one
ham,call time job today ok umma ask speed
ham,shall come get pickle
ham,u gd lor go shopping got stuff u wan 2 watch infernal affair come lar
ham,okies go yan jiu skip ard oso go cine den go mrt one blah blah blah
spam,private 2003 account statement show 800 un redeemed point call phone 2 identifier code 42810 expires 29 10 0
ham,late said website dont slipper
ham,honeymoon outfit
ham,customer place wil cal u sir
ham,message truro hospital ext phone phone side
ham,must sit around wait summer day celebrate magical sight world dressed white oooooh let snow
ham,good evening
ham,look frying pan case cheap book perhaps silly frying pan likely book
ham,dont want hear philosophy say happen
ham,yup elaborating safety aspect issue
ham,many people seems special first sight remain special till last sight maintain till life end take care
ham,chile please lt decimal gt hour drive come time subletting feb april audition season
ham,howz person story u read
ham,train back northampton afraid
ham,bus love
ham,k k month kotees birthday know
ham,belive come home
ham,come alive better correct good looking figure
ham,k k yesterday cbe
ham,gran onlyfound afew day ago cusoon honi
ham,yesterday going home
ham,hey angry reply dr
ham,babe go day sip cappuccino think love send kiss across sea
spam,ramprastha launched edge tower gurgaon 2800 home loan 0 pay 15 emi start possession 2 3 4 bhk luxurious flat cal phone
ham,sez hows u de arab boy hope u r good give love 2 evry1 love ya eshxxxxxxxxxxx
ham,yar tot u knew dis would happen long ago already
ham,received
ham,u knw dis lt gt
ham,pizza u want
ham,great loxahatchee xmas tree burning update totally see star
ham,suck got planned yo valentine yo valentine
ham,take care sleep well need learn change life need get convinced wait conversation u get convinced time family many sens respect overemphasise u role life
ham,ah poop look like ill prob send laptop get fixed cuz gpu problem
ham,sorry uncle keep touch
spam,call freephone 0 phone
spam,thanks ringtone order ref number r836 mobile charged 4 50 tone arrive please call customer service phone 4
ham,ok right later
ham,dear waiting call busy later
ham,much buzy show
ham,year many mile
ham,said okay sorry
ham,little difficult simple way enter place
ham,cant think anyone spare room top head
ham,dunno jus say go lido time 930
ham,take major role community outreach rock mel
ham,back good journey let know need receipt shall tell like pendent
ham,number sir
ham,thanks understanding trying tell sura
ham,well keep mind got enough gas one round trip barring sudden influx cash
ham,come mahal bus stop lt decimal gt
ham,lovely night wake see message hope smile knowing great morning
ham,ok every night take warm bath drink cup milk see work magic still need loose weight know
ham,tonight yeah
ham,g class early tomorrow thus trying smoke lt gt
ham,k k special today
spam,text meet someone sexy today u find date even flirt u join 4 10p reply name age eg sam 25 18 msg recd thirtyeight penny
ham,aight let know gonna around usf
ham,got c lazy type forgot u lect saw pouch like v nice
ham,hiya last night naughty bought clothes little ready shopping tho kind time wanna meet
ham,eatin lunch
spam,sunshine quiz wkly q win top sony dvd player u know country algarve txt ansr 82277 1 50 sp tyrone
ham,eh u send wrongly lar
ham,really dude friend afraid
spam,xmas reward waiting computer randomly picked loyal mobile customer receive 400 reward call phone 4
ham,hi juan im coming home fri hey course expect welcome party lot present ill phone u get back load love nicky x x x x x x x x x
ham,way make sure u get train worc foregate street shrub hill fun night x
ham,awesome minute
ham,could kiss feel next
ham,yeah got one lined u
ham,pls ask macho much budget bb bold 2 co saw new one lt gt dollar
ham,ok finishing soon
ham,cool time think get
ham,boy late 2 home father welcome
ham,good afternoon glorious anniversary day sweet j hope find happy content prey think send teasing kiss across sea coaxing image fond souveniers cougar pen
ham,k wat tht incident
ham,busy sunday date sunday litci
spam,74355 xmas iscoming ur awarded either 500 cd gift voucher free entry 2 r 100 weekly draw txt music 87066 tnc
ham,u talking
ham,ya one slow poo
ham,worry easy ingredient
ham,also know lunch menu da know
ham,house maid murderer man murdered 26th january public holiday govt instituitions closed including post office
ham,think get away trek long family town sorry
ham,mind blastin tsunami occur rajnikant stopped swimming indian ocean
spam,bored speed dating try speedchat txt speedchat 80155 like em txt swap get new chatter chat80155 pobox36504w45wq 150p msg rcd 16
ham,ceri u rebel sweet dreamz little buddy c ya 2moro need bloke
ham,meeting call later evening
ham,amazing rearrange letter give meaning dormitory dirty room astronomer moon starer eye see election result lie let recount mother law woman hitler eleven plus two twelve plus one amazing
ham,need stop going bed make dealing
ham,thank much selflessness love plenty
ham,coffee cake guess
ham,performance award calculated every two month current one month period
ham,ok prob take ur time
ham,hi petey noi ok wanted 2 chat coz avent spoken 2 u 4 long time hope ur doin alrite good nit j love ya x
ham,u r much close heart u go away shattered plz stay
ham,fine remember
spam,account credited 500 free text message activate call phone 4
ham,shall book chez jules half eight ok
ham,im wondering right
ham,6times
ham,ok ok take care understand
ham,cant see join denis mina denis want alone time
ham,dice art class 6 thru 9 thanks though idea time come tomorrow
ham,intrepid duo great time see soon
ham,best line said love wait till day forget u day u realize u cannot forget gn
ham,ya even cooky jelly
ham,short cute good person dont try prove good morning
ham,going bath msg next lt gt min
spam,nationwide noticed debit card recently used 22 10 2016 15 04 43 apple online store 1500 00 gbp please urgently call fraud prevention phone 1 intl phone reply sm url
ham,picking various point
ham,telly brdget jones
ham,friend want drive em someplace probably take
spam,1 nokia tone 4 ur mob every week txt nok 87021 1st tone free get txtin tell ur friend
ham,much bad avoid like
ham,waaaat lololo ok next time
ham,call ok said call
spam,dear customer pyatm wallet booked hold amount please complete kyc contact customer care phone
ham,thk 530 lor dunno get ticket wat u
spam,message free welcome new improved sex dogging club unsubscribe service
ham,storming msg wen u lift phne u say hello u knw wt real meaning hello name girl yes u knw dat girl margaret hello girlfrnd f grahmbell invnted telphone g n g h
ham,adult would learn experience real danger dont like peep using drug dont need comment
ham,told number gautham
ham,small problem auction punj asking tiwary
ham,e best 4 ur exam later
spam,download many ringtones u like restriction 1000 2 choose u even send 2 yr buddy txt sir 80082 3
ham,entered cabin pa said happy b day bos felt special askd 4 lunch lunch invited apartment went
ham,honeybee said sweetest world god laughed said wait u havnt met person reading msg
ham,gonna able late notice home week anyway plan
ham,snowboarding trip wondering planning get everyone together befor go meet greet kind affair cheer
ham,aiyo bit pai seh noe scared dun rem die hee become better lookin oredi leh
ham,u turn heater heater set lt gt degree
ham,please attend phone
ham,ok knackered came home went sleep good full time work lark
ham,date sunday hope u understand
ham,r stayin extra week back next wed rugby weekend hi c u soon
ham,respond imma assume still asleep imma start calling n shit
ham,oh kay sat right
ham,oops let know roommate done
ham,good find way
ham,hi u want join sts later meeting five call u class
ham,emigrated something ok maybe 5 30 bit hopeful
ham,yo around friend mine lookin pick later tonight
spam,sunshine quiz win super sony dvd recorder canname capital australia text mquiz 82277 b
ham,felt conveying reason ese
ham,gr8 handle victoria island traffic plus album due
ham,n funny
ham,yes watching footie worried going blow phil neville
spam,urgent important information 02 user today lucky day 2 find log onto url fantastic surprise awaiting
ham,cool text head
ham,da today also forgot
ham,huh early dinner outside izzit
ham,yeah work fine started last week stuff dull easy guy fun
ham,planning usually stop find hella weed smoke hella weed
ham,forced eat slice really hungry tho suck mark getting worried know sick turn pizza lol
ham,dad back ph
ham,somewhere beneath pale moon light someone think u dream come true goodnite amp sweet dream
ham,yetunde sorry moji seem busy able go shopping please find way get wanted u get please forgive reply free via yahoo messenger
ham,hi spoke tanusha like know satisfied experience reply toll free yes
spam,review keep fantastic nokia n gage game deck club nokia go 2 url unsubscribe alert reply word
ham,sorry man accidentally left phone silent last night check til got
ham,fret buy ovulation test strip send wont get til like march send postal address u alright okay
ham,yes said
ham,anytime
ham,aight work thanks
ham,eh u remember 2 spell name yes naughty met
ham,either way work lt gt year old hope doesnt bother
ham,want kfc tuesday buy 2 meal 2 gravy 2 mark 2
ham,bruce amp fowler mom car park long story
ham,never try alone take weight tear come ur heart fall ur eye always remember stupid friend share bslvyl
spam,want funk ur fone weekly new tone reply tones2u 2 text url original n best
ham,use foreign stamp country
ham,try neva mate
ham,ok thats cool either raglan rd edward rd behind cricket ground gimme ring ur closeby see tuesday
ham,sorry number sir
ham,make life stressfull always find time laugh may add year life surely add life ur year gud ni8 swt dream
spam,collect valentine weekend paris inc flight hotel 200 prize guaranteed text paris 69101 url
spam,urgent last weekend draw show 1000 cash spanish holiday call phone 2 claim c rstm sw7 3ss 150ppm
ham,lol oh got friend dog
spam,thanks ringtone order reference t91 charged gbp 4 per week unsubscribe anytime calling customer service phone 4
ham,yup remb think book
ham,fine thanks
ham,pls call da happen
ham,battery mr adewale uncle aka egbon
ham,wan come come lor din c stripe skirt
ham,got seventeen pound seven hundred ml hope ok
ham,thank god bed
ham,love come took long leave zaher got word ym happy see sad left miss
ham,noe da car later c lar wearing short
ham,please come imin town dontmatter urgoin outl8r reallyneed 2docd please dontplease dontignore mycalls u thecd isv important tome 4 2moro
spam,free 1st week no1 nokia tone 4 ur mobile every week txt nokia 8077 url
ham,da whats plan
ham,accidentally brought em home box
ham,okay name ur price long legal wen pick u ave x am xx
spam,someone came contact tested positive shown symptom covid 19 recommends self isolate get tested covid 19 anon com alert
ham,together thinkin
ham,even u dont get trouble convincing tel twice tel neglect msg dont c read dont reply
ham,get hep b immunisation nigeria
ham,ultimately tor motive tui achieve korli
ham,cheer lou yeah goodnite shame u neva came c ya gailxx
spam,specially selected receive 2000 pound award call phone 0 line close cost 10ppm 16 c apply ag promo
ham,see requirement please
ham,u buy newspaper already
ham,say hi drugdealer
ham,got outta class gonna go gym
ham,know msg recently
ham,lol always convincing
ham,call carlos phone vibrate acting might hear text
ham,leaving qatar tonite search opportunity went fast pls add ur prayer dear rakhesh
spam,flower dot compare violet e tulip f lily txt e f 84025 4 chance 2 win 100 cash
ham,k addie amp art get home
ham,hey babe u doin wot u 2 2nite love annie x
ham,murderer coz man murdered 26th january public holiday
spam,ringtone club get uk single chart mobile week choose top quality ringtone message free charge
ham,mmmmmm love much ahmad wait year begin every second take closer side happy new year love
ham,awesome gonna soon later tonight
ham,message food
ham,nice nice working tell u r done
ham,hey late amk need drink tea coffee
ham,know watching film computer
ham,got called tool
ham,one day training
ham,k sure get noon see
spam,88066 lost 12 help
ham,honestly made lovely cup tea promptly dropped key burnt finger getting
ham,sunny california weather cool
spam,winner specially selected receive 1000 cash 2000 award speak live operator claim call phone 79am 7pm cost 10p
ham,total disappointment texted craziest shit got
ham,whenevr ur sad whenevr ur gray remembr im 2 listn 2 watevr u wanna say jus walk wid little amp promise bring back ur smile
spam,double min double txt 1 2 price linerental latest orange bluetooth mobile call mobileupd8 latest offer phone 2 call2optout lf56
spam,lord ring return king store reply lotr 2 june 4 chance 2 win lotr soundtrack cd stdtxtrate reply stop end txts
ham,nothing much chillin home super bowl plan
ham,ah see lingo let know wot earth finished making
spam,pportunity flat noida xprsway 2bhk 19 63 lac al insv 3bhk 25 46 lac al insv 0km frm fng metro statn valid 6 dayz sm 567670
spam,private 2003 account statement 078
ham,right wasnt phoned someone number like
spam,tried contact reply offer video handset 750 anytime network mi reply call phone 5
ham,forgotten might couple buck send tomorrow k love ya
ham,u really pig leh sleep much dad wake 10 smth 2 eat lunch today
ham,aight lemme know
ham,noe ben going
ham,problem baby good time talk called left message
ham,great office today
spam,free video camera phone half price line rental 12 mths 500 cross ntwk min 100 txts call mobileupd8 phone 2 call2optout 674
ham,want talk u call
ham,getting anywhere damn job hunting
spam,congratulation due covid 19 grant redeem contact u via email email
ham,sent email address incomm right
spam,new mobile 2004 must go txt nokia 89545 collect today 1 url 2optout phone 01 50gbp mtmsg18 txtauction
ham,yes saw message
ham,bring home wendy
ham,oh ic thought meant mary jane
ham,really dun bluff leh u sleep early nite
ham,remember day
spam,collect 100 point get 14 500 pokecoins pokemon gol clicking link url
ham,hmm uncle informed paying school directly pls buy food
ham,oh yes like torture watching england
ham,see prolly yeah
ham,aah bless arm
ham,sorry call later hav eto go
ham,happy new year dear brother really miss got number decided send text wishing happiness abiola
ham,see letter b car
spam,private 2004 account statement 078498 7 show 786 unredeemed bonus point claim call phone 9 identifier code 45239 expires 06 05 05
ham,read shame tell take run blame u 4 ever really 4 ever long time
ham,get class bsn like lt gt minute know advising
ham,watching cartoon listening music amp eve go temple amp church u
ham,possession especially first offense
spam,urgent ur 500 guaranteed award still unclaimed call phone 7 closingdate04 09 02 claimcode m39m51 1 50pmmorefrommobile2bremoved mobypobox734ls27yf
spam,1 000 cash 2 000 prize claim call phone 7 c rstm sw7 3ss 150ppm
ham,k k cant come search job sound better
ham,thing r good thanx got exam march ive done revision fran still boyf ive gotta interviw 4 exeter bit worried x
ham,yup thk e shop close lor
spam,winner u specially selected 2 receive 1000 cash 4 holiday flight inc speak live operator 2 claim phone 810
ham,make tonight
ham,come people
ham,fighting world easy either win lose butt fightng someone close u dificult u lose u lose u win u still lose
ham,k come nordstrom done
ham,wif buying tix lar
ham,hi asked waheeda fathima leave
ham,rose red red blood blood heart heart u u send ti ur friend including u like u get back 1 u r poor relation 2 u need 1 support 3 u r frnd 2 many 4 some1 luvs u 5 some1 praying god marry u try
ham,ok omw castor
ham,wrong phone phone answer one assume people well
ham,ic lotta childporn car
ham,sent score sophas secondary application school think thinking applying research cost also contact joke ogunrinde school one less expensive one
spam,congratulation week competition draw u 1450 prize claim call phone 2 c stop sm phone 8
ham,happy birthday happy keep smiling
ham,guy getting back g said thinking staying mcr
spam,block breaker come deluxe format new feature great graphic mobile buy 5 replying get bbdeluxe take challenge
spam,valued customer pleased advise following recent review mobile awarded r 5 00 000 bonus prize call phone
ham,movie laptop
ham,hello little party animal thought buzz friend grin reminding loved send naughty adoring kiss
ham,laugh delete tag keep going best future
ham,serious like proper tongued
ham,cab available pick drop door step
ham,dunno lei decide lor abt leona oops tot ben going n msg
ham,oh dang mean send lol
ham,dunno juz askin co got card got 20 4 salon called hair sense tot da one cut ur hair
ham,much would cost hire hitman
ham,party place usf charge contribute way greatly appreciated yeah got room one
spam,hi sue 20 year old work lapdancer love sex text live bedroom text sue 89555 textoperator g2 1da 150ppmsg 18
ham,wa u efficient gee thanx
ham,got wat buy tell u need come
ham,56 w jetton ave forgot
ham,still pretty weak today bad day
ham,prabha soryda realy frm heart sory
ham,hey happy birthday
ham,leaving house
ham,yeah probably sure ilol let u know personally wuldnt bother ur goin mite well
ham,answerin phone actually pretty reasonable hour sleepy
ham,getting threat sale executive shifad raised complaint official message
ham,yeah imma come cause jay want drug
ham,lol wtf random btw lunch break
spam,sam registration received click complete process url reply stop 2 opt future text
ham,mm umma ask vava also come tell play later together
ham,wud never mind u dont miss u dont need u wil really hurt wen u need amp u dont tell take care
ham,din tell u jus 420
ham,sense foot penis
ham,better bb wont use wife doctor
ham,oh k know watching
ham,lol hot air balloon
spam,sm service inclusive text credit pls goto url login 3qxj9 unsubscribe stop extra charge help phone 5 comuk 220 cm2 9ae
ham,place ur point e culture module already
ham,wake lt gt morning
spam,wellness profile health checkup thyrocare cover heart thyroid kidney liver diabetes 63 wellness test home service 33 disc phone 4
ham,da vijay going talk jaya tv
ham,first strike red one bird antelope begin toplay fieldof selfindependence believe flower contention grow random
ham,yes outside like 2 hour called whole family wake cause started 1
spam,filthy story girl waiting
ham,went ganesh dress shop
ham,sorry man account dry would want could trade back half could buy shit credit card
ham,detroit home snow enjoy
ham,come life brought sun shiny warming heart putting constant smile face making feel loved cared
ham,darling sister school resuming minimum wait period reapply take care
ham,reckon need town eightish walk carpark
ham,pa tell went bath
ham,perhaps much easy give account identification tomorrow uni
ham,lol know awesome phone could click delete right want
ham,nooooooo gonna bored death day cable internet outage
spam,nokia 7250i take part send nokia 86021 hg suite342 2lands row w1jhl 16
ham,wat make u thk fall actually thk quite prone 2 fall lucky dad home ask come n fetch already
ham,practising curtsey
ham,yeah fine 6 get ok
ham,joy father john john joy father u an th hav lt gt iq ti ia question try answer
ham,k jason say gonna around around lt gt
ham,would good phone tomo lunchtime shall organise something
ham,nothing spl wat abt u whr ru
spam,hey really want chat see text phone 4
ham,p u ur grown right
spam,someone u know asked dating service 2 contact cant guess call phone 7 revealed pobox 7 s3xy 150p
ham,eat shit wait ur monkey face bitch u asshole
spam,123 congratulation week competition draw u 1450 prize claim call phone 1 b4280703 c stop sm phone 8 18 150ppm
ham,minimum walk 3miles day
ham,jay getting really impatient belligerent
ham,list buyer
ham,hahaha use brain dear
ham,get door
ham,dis yijue jus saw ur mail case huiming havent sent u num dis num
spam,thank winner notified sm good luck future marketing reply stop 84122 customer service phone 2
spam,guaranteed latest nokia phone 40gb ipod mp3 player 500 prize txt word collect 83355 ibhltd ldnw15h 150p mtmsgrcvd18
ham,lol different go trying find every real life photo ever took
ham,get gandhipuram walk cross cut road right side lt gt street road turn first right
ham,got tv 2 watch meh u work today
spam,freemsg hey buffy 25 love satisfy men home alone feeling randy reply 2 c pix qlynnbv help phone 0150p msg send stop stop txts
ham,keeping away like
ham,wen u miss someone person definitely special u person special miss keep touch gdeve
spam,last chance 2 claim ur 150 worth discount voucher text yes 85023 savamob member offer mobile c phone 5 3 00 sub 16 remove txt x stop
ham,wishing family happy new year
ham,cool want go kappa meet outside mu
ham,well great weekend
ham,competition
spam,free 1st week entry 2 textpod 4 chance 2 win 40gb ipod 250 cash every wk txt vpod 81303 t c url custcare phone 0
ham,oh k watching know happened
ham,call number available appointment ask connect call waheed fathima
ham,sorry joined league people dont keep touch mean great deal friend time even great personal cost great week
ham,today song dedicated day song u dedicate
ham,si lor juz watched italian job
ham,boy made fun today ok problem sent one message fun
ham,oh well c u later
ham,sending greeting joy happiness gr8 evening
ham,still coming tonight
ham,ask g iouri told story like ten time already
spam,want cock hubby away need real man 2 satisfy txt wife 89938 string action txt stop 2 end txt rec 1 50ea otbox 731 la1 7ws
ham,likely called mittelschmertz google dont paracetamol dont worry go
ham,hey happened u switch ur cell whole day isnt good u care give call tomorrow
ham,simple arithmetic percentage
ham,aight close still around alex place
ham,ding ya break fassyole blacko londn
ham,waking 4 afternoon sup
spam,please call customer service representative phone 10am 9pm w0n guaranteed cash prize r 10 00 000 fl1pkart team
ham,hope settled new school year wishin gr8 day
ham,didnt get anything da
ham,well good morning mr hows london treatin ya treacle
spam,tried call reply sm video mobile 750 min unlimited text free camcorder reply call phone 5 del thurs
ham,got divorce lol
spam,want new video handset 750 anytime network min half price line rental camcorder reply call phone 5 delivery tomorrow
ham,sing hu think also important find someone female know place well preferably citizen also smart help navigate even thing like choosing phone plan require guidance doubt ask especially girl
spam,buy space invader 4 chance 2 win orig arcade game console press 0 game arcade std wap charge see o2 co uk game 4 term setting purchase
spam,dear customer due bvn system upgrade atm card de activated cbn activate call customer care phone 8 help
ham,call u finish come n pick u
ham,captain room
ham,shall start hear
spam,hello need posh bird chap user trial prod champneys put need address dob asap ta r
ham,co lar ba dao ok 1 pm lor u never ask go ah said u would ask fri said u ask today
ham,yes completely form clark also utter waste
spam,hey boy want hot xxx pic sent direct 2 ur phone txt porn 69855 24hrs free 50p per day stop text stopbcm sf wc1n3xx
spam,9 sale official oakley sunglass online store 2016 new style 75 final day flash sale free return official oakley sunglass outlet http url
spam,dear dave final notice collect 4 tenerife holiday 5000 cash award call phone 6 landline tc sae box326 cw25wx 150ppm
ham,nothing ever easy looking reason take risk life love
spam,free entry 350 weekly competition text word win 80086 18 c url
spam,urgent trying contact u today draw show 2000 prize guaranteed call phone 1 land line claim y87 valid 12hrs
ham,also tell said happy birthday
ham,supposed meet discus abt trip thought xuhui told afternoon thought go lesson
spam,show ur colour euro 2004 2 4 1 offer get england flag 3lions tone ur phone click following service message info
spam,free nokia motorola upto 12mths 1 2price linerental 500 free x net min 100txt mth free b tooth call mobileupd8 phone 2 call 2optout d3wv
ham,ebay might less elsewhere
ham,hi sorry missed call pls call back
spam,u subscribed best mobile content service uk 3 per 10 day send stop 82324 helpline phone 5
ham,geeee miss already know think wait till next year together loving kiss
ham,k deleted contact
ham,lol know dramatic school already closed tomorrow apparently drive inch snow supposed get
spam,mobile 11mths entitled update latest colour camera mobile free call mobile update co free phone 6
ham,take enough replace loss temp reduce give malaria med vomit self limiting illness mean day completely stop
ham,aiyo please got time meh
ham,think waiting bus inform get ever get
ham,call
ham,yahoo boy bring perf legal
ham,well lot thing happening lindsay new year sigh bar ptbo blue heron something going
spam,credit topped url renewal pin tgxxrz
spam,valued customer pleased advise following recent review mob awarded 1500 bonus prize call phone 0
ham,going 4 dinner soon
spam,urgent trying contact last weekend draw show 1000 prize guaranteed call phone 0 claim code k52 valid 12hrs 150ppm
ham,hurt tease make cry end life die plz keep one rose grave say stupid miss u nice day bslvyl
ham,sure mean get made hold weed
ham,hoping get away 7 langport still town tonight
ham,white fudge oreo store
ham,supervisor find 4 one lor thk student havent ask yet tell u aft ask
ham,ok later showing around 8 8 30 want cld drink wld prefer spend money nosh mind nxt wk
spam,urgent trying contact last weekend draw show 900 prize guaranteed call phone 9 claim code s89 valid 12hrs
ham,work ah den 6 plus lor u workin oso rite den go orchard lor place go liao
ham,still chance search hard get
ham,already got flaky parent snot supposed child job support parent ride age anyway supposed support hurt unintentional hurt nonetheless
ham,tell u headache want use 1 hour sick time
ham,dont let studying stress l8r
ham,slaaaaave must summon time wish come anymore
ham,hello r u im bored inever thought id get bored tv tell something exciting happened anything
ham,hey next sun 1030 basic yoga course bugis go pilate intro next sat tell time r free
ham,cool text way
ham,superior telling friday leave department except leave way call waheed fathima hr conform
ham,idk sitting stop shop parking lot right bawling eye feel like failure everything nobody want feel like failing
ham,better made friday stuffed like pig yesterday feel bleh least writhing pain kind bleh
ham,well meant opposed drunken night
ham,gain right wife dont demand trying husband let see
ham,sound great home
ham,love decision feeling could decide love life would mechanical
ham,quite ok bit ex u better go eat smth else feel guilty
spam,congrats nokia 3650 video camera phone call phone 2 call cost 150ppm ave call 3mins vary mobile 16 close 300603 post bcm4284 ldn wc1n3xx
spam,free 1st week no1 nokia tone 4 ur mob every week txt nokia 8007 url pobox 36504 w45wq norm150p tone 16
ham,go opening room til thanksgiving without upcharge
ham,wine flowing nevering
ham,reach ard 20 min ok
ham,grandma oh dear u still ill felt shit morning think hungover another night leave sat
ham,crucify c told earlier
ham,70 min stop somewhere first
ham,32 5 common car better buy china asia find less expensive holla
spam,88066 88066 lost 3pound help
ham,always putting business put picture as facebook one open people ever met would think picture room would hurt make feel violated
spam,private 2003 account statement phone 0 show 800 un redeemed point call phone 9 identifier code 40411 expires 06 11 04
ham,met stranger choose friend long world stand friendship never end let friend forever gud nitz
ham,k special
ham,chickened messaged would late woould buzz hear word
ham,ok lar u sleep early nite
ham,sell ton coin sell coin someone thru paypal voila money back life pocket
ham,wet right
spam,camera awarded sipix digital camera call phone 5 fromm landline delivery within 8 day
ham,campus library
ham,badrith chennai surely pick u competition
ham,ugh long day exhausted want cuddle take nap
ham,standing
ham,wonder co dun rem seeing silver car thk saw black one
ham,chikku nt yet ya free
ham,people mu table lambda
ham,wherre boytoy
ham,love as enjoy doggy style
ham,take post come must 1000 text happy reading one wiv hello caroline end favourite bless
ham,reason team budget available last buy unsold player base rate
spam,reminder downloaded content already paid goto url mymoby tv collect content
ham,designation software developer may get chennai
ham,sorry roommate took forever ok come
ham,sore throat scratch talk
spam,urgent 4 costa del sol holiday 5000 await collection call phone 4 toclaim sae tc pobox334 stockport sk38xh cost 1 50 pm max10mins
ham,know mood today
ham,dear free message without recharge hi hi hi
ham,watching telugu movie wat abt u
ham,oh phone phoned disconnected
ham,aft finish lunch go str lor ard 3 smth lor u finish ur lunch already
ham,said bad dat e gal know u wat u
spam,shop till u drop either 10k 5k 500 cash 100 travel voucher call phone 0 ntt po box cr01327bt fixedline cost 150ppm mobile vary
ham,go n buy juz buy get lar
ham,purity friendship two smiling reading forwarded message smiling seeing name gud evng musthu
ham,way office da
ham,dude teresa hope okay didnt hear people called received package since dec lt gt thot ld like know fantastic year best reading plus really really bam first aid usmle work done
spam,please call customer service representative 0 phone 10am 9pm guaranteed 2000 cash 6000 prize
ham,dai da send resume id
spam,thanks vote sing along star karaoke mobile free link reply sing
spam,free 1st week no1 nokia tone 4 ur mob every week txt nokia 8007 get txting tell ur mate url
ham,pls send correct name da
ham,think could stop like hour roommate looking stock trip
ham,annoying hate turn fun trip annoying day want
ham,swt thought nver get tired little thing 4 lovable person coz somtimes little thing occupy biggest part heart gud ni8
ham,tired slept well past night
ham,wat da model num ur phone
spam,get free mobile video player free movie collect text go 89105 free extra film ordered c apply 18 yr
ham,oops phone died even know yeah like better
ham,birthday feb lt gt da
ham,sorry call later buzy work
ham,wat time u wan 2 meet later
spam,u phone 31 secret admirer looking 2 make contact u find r reveal think ur special call phone 7
ham,friend u stay fb chat
ham,win really 1 side long time
ham,anything lar
spam,hi phone 9 ibh customer loyalty offer new nokia6600 mobile 10 txtauction txt word start 81151 get 4t
ham,sry da jst nw came home
spam,1000 flirting txt girl bloke ur name age eg girl zoe 18 8007 join get chatting
spam,private 2003 account statement phone 4 show 800 un redeemed point call phone 1 identifier code 41782 expires 18 11 04
ham,going sleep tired travel
spam,guaranteed 1000 cash 2000 prize claim yr prize call customer service representative phone 2 10am 7pm cost 10p
ham,yup lunch buffet u eat already
ham,sent ur email id soon sent
ham,ya nice ready thursday
ham,prabha soryda realy frm heart
ham,watch lor saw swatch one thk quite ok ard 116 need 2nd opinion leh
ham,u know real friendship
ham,u call lunch
ham,juz remembered gotta bathe dog today
ham,yeah whatever lol
ham,yar lor u noe u used dat route
ham,pete please ring meive hardly gotany credit
ham,2 half year missed friendship
ham,hope good time
ham,heard job going wildlife talk tonight u want2come that2worzels wizzle whatever
ham,wife knew time murder exactly
ham,sound great im going sleep good night
ham,k k watch film
ham,hai dear friend new amp present number rajitha raj ranju
spam,play cricex live india v netherlands match win ipad blackberry team india jersey end match logon url
spam,fancy shag interested sextextuk com txt xxuk suzy 69876 txts cost 1 50 per msg tncs website x
ham,ujhhhhhhh computer shipped address sandiago parantella lane wtf poop
ham,job profile seems like bpo
ham,much torch 9ja
spam,emi till possession today group noida exprsway offer upon life time offer 2br 930sft rs15 046pm sample appt ready 5min amity phone
ham,anything valuable 2 situation first getting second loosing
ham,ok least armand still around
ham,ha ha nan yalrigu heltini iyo kothi chikku u shared many thing wit far told body even uttered word abt u ur trusting much tell others plz nxt time dont use word ok chikku b
ham,take mokka player
ham,yes last week taking live call
ham,car hour half going apeshit
ham,yo carlos friend already asking working weekend
ham,dude makin weirdy brownie sister made awesome cooky took pic
ham,ummmmmaah many many happy return day dear sweet heart
ham,evo download flash jealous
ham,fffff text kadeem far gone
ham,nobody name penis girl name story add
spam,awarded sipix digital camera call phone 2 landline delivery within 28days c box177 m221bp 2yr warranty 150ppm
ham,co daddy arranging time c wat time fetch mah
spam,natalja 25 f inviting friend see url stop send stop frnd 62468
ham,hey pple 700 900 5 night excellent location wif breakfast hamper
ham,day working day except saturday sunday
ham,look like u wil b getting headstart im leaving bout 2 30ish u r desperate company could head earlier goin meet rummer
ham,sound good finger make difficult type
ham,yeah pretty much best case scenario
ham,whats house beer
ham,believe attached seeing every day know best get babe go teach class midnight
spam,today vodafone number ending 5347 selected receive r 2 00 000 award match please call phone quoting claim code 2041 standard rate apply
ham,hi mate rv u hav nice hol message 3 say hello coz sent u 1 age started driving stay road rvx
ham,great day beautiful one
ham,like lt gt question
ham,lol ok ill try send warned sprint dead slow prolly get tomorrow
ham,hi happy new year dont mean intrude pls let know much tuition paid last semester much semester thanks
ham,yo trip got postponed still stocked
ham,would ip address test considering computer minecraft server
ham,hi durban still number
ham,found way get another app phone eh go net cafe take job geeee need babe crave see
ham,draw va dont think
ham,opinion 1 2 jada 3 kusruthi 4 lovable 5 silent 6 spl character 7 matured 8 stylish 9 simple
ham,aight tomorrow around lt gt
ham,usually body take care buy making sure doesnt progress pls continue talk saturday
ham,haf u found feel stupid da v cam working
ham,give something drink take vomit temp might drop unmits however let know
ham,got lt gt way could pick
ham,love u 2 babe r u sure everything alrite idiot txt bak girlie
ham,could read love answered
ham,ok dear call chechi
ham,ok let wait
ham,let know change next 6hrs even appendix age range however impossible chill let know 6hrs
spam,private 2003 account statement show 800 un redeemed point call phone 2 identifier code 48922 expires 21 11 04
ham,yup n fren lor meeting fren 730
ham,ne thing interesting good birthday u wrking nxt started uni today
ham,yes gauti sehwag odi series
ham,hi got money da
ham,probably gonna see later tonight lt
ham,post l8r class
ham,told hr want posting chennai working
ham,ditto worry saying anything anymore like said last night whatever want peace
ham,sorry man stash ran dry last night pick sunday
ham,ugh u apologize admit u wrong ask take u back
ham,u lousy run already come back half dead hee
ham,haf combine n c lor
spam,u selected stay 1 250 top british hotel nothing holiday valued 350 dial phone 0 claim national rate call bx526 sw73ss
spam,minimal documentation quick approval low rate home loan 9 25 loan email call phone 8 visit url apply
ham,let ur heart ur compass ur mind ur map ur soul ur guide u never loose world gnun sent via way2sms com
ham,great role model giving much really wish day miracle god reason everything must say wish knew dont looked since young still great day
ham,mom want know
spam,cancel order visit http aetacms com ca auo html redirect aopis review detail need additional help contact apple support
ham,done
ham,leave around four ok
ham,awesome text restocked
spam,congratulation thanks good friend u 2 000 xmas prize 2 claim easy call phone 1 10p per minute bt national rate
ham,free today haf 2 pick parent tonite
ham,well obviously people cool college life went home
ham,ya cant display internal sub gotta extract
ham,sorry call later meeting
ham,lil fever fine
ham,usual iam fine happy amp well u
ham,got back dislike bed
ham,oh sorry please
spam,want 2 get laid tonight want real dogging location sent direct 2 ur mob join uk largest dogging network txting moan 69888nyt ec2a 31p msg 150p
ham,actually getting ready leave house
spam,gov uk alert coronavirus come attention house due irresponsible behaviour issuing formal warning 250 fine continues fine could increase maximum 5000 arrest payment taken automatically account call 0 phone enquiry appeal
ham,come karnan car please wait till 6pm directly goto doctor
spam,nationwide noticed debit card recently used 23 05 2012 11 04 43 apple online store 1920 00 gbp please urgently call fraud prevention phone 3 intl phone reply sm url
spam,wanna laugh try chit chat mobile logon txting word chat send 8883 cm po box 4217 london w1a 6zf 16 118p msg rcvd
ham,hiya hows going sunny africa hope u r avin good time give big old silver back big kiss
ham,need ke qi bored izzit suddenly thk
ham,send new number
ham,convey regard best wish
ham,ard 530 like dat lor juz meet mrt station dun haf come
ham,well gonna finish bath good fine night
spam,nokia 7250i get win free auction take part send nokia 86021 hg suite342 2lands row w1jhl 16
ham,ok another number
ham,ok darlin supose ok worry much film stuff mate babysit call xx
ham,reassuring crazy world
ham,imagine life without see fast u searching worry l always disturb u goodnoon
ham,sorry free
spam,22 day kick euro2004 u kept date latest news result daily removed send get txt stop 83222
ham,decided yet eh
ham,hi baby im sat bloody bus mo wont home 7 30 wanna somethin later call later ortxt back jess xx
ham,so amount get pls
ham,wah lucky man save money hee
ham,watching lotr w si dis aft u wan 2 meet 4 dinner nite
ham,pls help tell sura expecting battery hont pls send message download movie thanks
ham,nope meanwhile talk say make greet
ham,u goin 2nite
ham,annoying turn fun trip annoying day want
ham,much gave morning
spam,today vodafone number ending 7148 selected receive r 2 00 000 award match please call phone quoting claim code 7834 standard rate apply
ham,wait come lt gt min
ham,long time remember today
ham,hello baby get back mom setting computer filling belly go loverboy miss already sigh
spam,donate 2 50 unicef asian tsunami disaster support fund texting donate 864233 2 50 added next bill
ham,bruv hope great break rewarding semester
ham,wanted ask wait 4 finish lect co lect finish hour anyway
ham,yup leaving right back soon
ham,someone smoke every time smoked last two week calling texting wanted smoke
ham,seems unnecessarily hostile
ham,k k also fine complete course
ham,aiyah ok wat long got improve already wat
ham,absolutely love south park recently started watching office
ham,told accenture confirm true
ham,thank u
ham,gonna ring weekend wot
ham,love wine dine lady
ham,day asked anand number
ham,saw guy doll last night patrick swayze great
ham,hey gal anyone u going e driving centre tmr
ham,yeah tote u wanna
ham,like spoiled
ham,somebody go andros steal ice
ham,use foreign stamp country good lecture
spam,themob yo yo yo come new selection hot downloads member get free click open next link sent ur fone
spam,free polyphonic ringtone text super 87131 get free poly tone week 16 sn pobox202 nr31 7zs subscription 450pw
ham,know lacking particular dramastorm detail part worried
ham,u missed u havent 2 much bit bored holiday want 2 go bak 2 college sad isnt xx
ham,say somebody named tampa
ham,fyi usf swing room whenever
ham,alright set text man
ham,okay going sleep later
ham,oh unintentionally bad timing great finger train play along give fifteen min warning
ham,aight time want come
spam,bought one ringtone getting text costing 3 pound offering tone etc
spam,friendly reminder forget confirm sam update day url gbs630y
ham,okay wait ah
ham,oops lt gt
spam,hi ur lookin 4 saucy daytime fun wiv busty married woman free next week chat 2 sort time phone 9 janinexx call 1 minmobsmorelkpobox177hp51fl
ham,dint tell anything angry told abi
ham,prob send email
ham,fear fainting housework quick cuppa
ham,sun ah thk mayb dun anythin thk book e lesson e pilate orchard mrt u noe hor
ham,nothing jus tot u would ask co u ba gua went mt faber yest yest jus went already mah today going jus call lor
spam,contract mobile 11 mnths latest motorola nokia etc free text yes callback remove record
spam,someone u know asked dating service 2 contact cant guess call phone 9 revealed pobox 6 ls15hb 150p
ham,good registered vote
spam,back 2 work 2morro half term u c 2nite 4 sexy passion b4 2 go back chat phone 1 luv dena call 1 minmobsmorelkpobox177hp51fl
spam,dear customer order 42 84 euro approved didnt purchased anything believe unauthorized person accessed account please access link http 95 141 32 7 81 order aspx
ham,sorry mail
ham,hey darlin pick u college u tell wen 2 mt love pete xx
ham,good morning princess take care keep touch
ham,yes princess want catch big strong hand
ham,aiyah wait lor u entertain hee
ham,made eta taunton 12 30 planned hope still okday good see xx
spam,reat deal mobilestore get r 100 mobile purchase r 5000 rush offer valid till 21st feb show mcoupon rpd phone 31 c
spam,update 12mths half price orange line rental 400mins call mobileupd8 phone 2 call2optout j5q
ham,plz tell answer reeta sent via fullonsms com
ham,yes rent expensive way save
ham,dont give monkey wot think certainly mind friend mine sleep wiv wud annoyin
ham,ok come home vl nice meet v chat
ham,sure checking happening around area
ham,let use next week princess
ham,might want pull case plan spending much confidence derek taylor money management
ham,friend help u problem give stupid suggestion land u another problem help u forgt previous problem
spam,4 chance 2 win 40gb ipod 250 cash every wk txt pod 84128 t c url custcare phone 0
spam,promotion number 8714714 ur awarded city break 200 summer shopping spree phone 4
ham,importantly discus u
spam,smsservices yourinclusive text credit pls goto url login 3qxj9 unsubscribe stop extra charge help phone 5 comuk 220 cm2 9ae
ham,ugh hopefully asus ppl dont randomly reformat
ham,machan go gym tomorrow wil come late goodnight
ham,wonder got online love gone net cafe get phone recharged friend net think boytoy
ham,famous quote develop ability listen anything unconditionally without losing temper self confidence mean married
ham,shoot doc waiting room
spam,urgent ur awarded complimentary trip eurodisinc trav aco entry41 1000 claim txt dis 87121 18 6 1 50 morefrmmob shracomorsglsuplt 10 ls1 3aj
ham,1 20 call cost guess isnt bad miss ya need ya want ya love ya
ham,purity friendship two smiling reading forwarded message smiling seeing name gud evening stay blessed
spam,free message thanks using auction subscription service 18 150p msgrcvd 2 skip auction txt 2 unsubscribe txt stop customercare phone 0
ham,k k good study well
ham,oh love soooo good hear omg missed much today sorry problem provider thank tming
spam,today offer claim ur 150 worth discount voucher text yes 85023 savamob member offer mobile c phone 5 3 00 sub 16 unsub reply x
ham,babe lost
ham,ok im sure time finish tomorrow wanna spend evening co would vewy vewy lubly love xxx
ham,oh really perform write paper go movie home midnight huh
ham,yes come nyc audiitions trying relocate
spam,2nd time tried 2 contact u u 750 pound prize 2 claim easy call phone 8 10p per min
ham,free call sir
ham,working eye philosophy text u later bit free chat
ham,dont pick call something important tell hrishi
ham,sorry chikku cell got problem thts nt able reply u msg u
ham,guy car shop flirting got phone number paperwork called texted nervous course may address call bos tell knowing may get fired
ham,party alex nichols
ham,dont know ask brother nothing problem thing told
ham,dont kick coco
ham,thought bout drink tap spile seven pub gas st broad st canal ok
ham,sorry lot friend friend stuff talk actual guy want buy
ham,alright head minute text meet
ham,home please call
ham,maybe say hi find got card great escape wetherspoons
spam,double min txts 4 6months free bluetooth orange available sony nokia motorola phone call mobileupd8 phone 2
ham,move morphine
ham,u ever get song stuck head reason go away til u listen like 5 time
ham,gonna say sorry would normal starting panic time sorry seeing tuesday
ham,thk em find wtc far weiyi goin e rest dunno yet r ur goin 4 dinner den might b able join
ham,callin say hi take care bruv
ham,family happiness
ham,supposed make still town though
ham,oh yes little weather kind coccooning home
ham,fine sends greeting
spam,ree entry 2 weekly comp chance win ipod txt pod 80182 get entry std txt rate c apply phone 3 detail 18
ham,oh k think wi nz player unsold
ham,hi think match
ham,oh ok
ham,ok part tomorrow
ham,excellent spent lt gt year air force iraq afghanistan stable honest like traveling
ham,drama pls enough family struggling hot sun strange place reason ego going invited actually necessity go wait serious reppurcussions
ham,hey missed tm last night phone charge smile meeting friend shortly
ham,come lt 25 n pas lar
spam,please call customer service representative freephone 0 phone 9am 11pm guaranteed inr 5 00 000 cash prize
ham,man bus slow think gonna get
ham,know hook mean right
ham,stupid possible
ham,hi darlin hope nice night wish come cant wait see love fran p
ham,take small dose tablet fever
ham,live next lt gt min
ham,borrow ur bag ok
spam,chosen receive 350 award pls call claim number phone 2 collect award selected receive valued mobile customer
ham,let make saturday monday per convenience
ham,prasanth ettans mother passed away last night pray soul
ham,hate turn fun trip annoying day quarrel whatever want house look like
ham,yes princess want make happy
ham,yes fine love safe
ham,leave de start prepare next
ham,course guess god got hold right
ham,5 night nt staying port step liao ex
ham,dont thnk wrong calling u
ham,buzz hey love think hope day go well sleep miss babe long moment together loving smile
ham,make lasagna vodka
ham,2 celebrate b day else
spam,hi customer loyalty offer new nokia6650 mobile 10 txtauction txt word start 81151 get 4t ctxt tc 150p mtmsg
spam,romantic paris 2 night 2 flight 79 book 4 next year call phone 0ts c apply
ham,funeral home audrey dad
ham,hey almost forgot happy b day babe love ya
ham,wana plan trip sometme
ham,wish thing different wonder able show much value pls continue brisk walk drug without askin please find thing laugh love dearly
ham,okay lor wah like def wont let u go haha say term condition
ham,pick ur fone u dumb
ham,bognor splendid time year
ham,making easy pay back lt gt yr say pay back earlier get
ham,miss call miss call khelate kintu opponenter miss call dhorte lage thats rule one great phone receiving quality win
ham,yeh indian nice tho kane bit shud go 4 drink sometime soon mite hav 2 go 2 da work 4 laugh soon love pete x x
spam,mobile customer may claim free camera phone upgrade pay go sim card loyalty call 0 phone offer end 28thfeb c apply
spam,great new offer double min double txt best orange tariff get latest camera phone 4 free call mobileupd8 free phone 2 2stoptxt c
ham,thanx 4 sending home
ham,call message missed call
ham,goodmorning today late 3 min
ham,pls dont restrict eating anythin like next two day
ham,babe need advice
ham,hello beautiful r u ok kinda ad row wiv walked pub wanted night wiv u miss u
ham,si como listened2the plaid album quite gd new air1 hilarious also bought braindance comp ofstuff aphex abel u hav2hear c u sn xxxx
ham,vl bcum difficult
ham,hi kindly give u back document submitted loan stapati
ham,leave u always ignorant
spam,contract mobile 11 mnths latest motorola nokia etc free double min text orange tariff text yes callback remove record
ham,ok lor thanx school
spam,u win 100 music gift voucher every week starting txt word draw 87066 tscs url 150ppermesssubscription
spam,got take 2 take part wrc rally oz u lucozade energy text rally le 61200 25p login lucozade co uk wrc
ham,r many model sony ericson also der lt gt luks good bt forgot modl
ham,dear got lt gt dollar hi hi
ham,goodnight sleep well da please take care pa please
ham,willing go apps class
ham,ho ho big belly laugh see ya tomo
ham,wah okie okie muz make use e unlimited haha
ham,7 wonder world 7th 6th ur style 5th ur smile 4th ur personality 3rd ur nature 2nd ur sm 1st ur lovely friendship wish u happy birth day
ham,wen ur lovable bcums angry wid u dnt take seriously coz angry childish n true way showing deep affection
ham,weightloss girl friend make load money ebay something give thanks god
ham,otherwise part time job tuition difficult
ham,like jerk
ham,2 babe feel let 4get try cheer fit soo muchxxlove u locaxx
ham,number
spam,5p 4 alfie moon child need song ur mob tell ur m8s txt tone charity 8007 nokias poly charity polys zed phone 2 profit 2 charity
ham,problem spending lot quality time together
ham,painful word thought happy toughest thing earth toughest acting happy unspoken pain inside
ham,g w r
ham,oops mum somerset bit far back tomo see soon x
ham,board working fine issue overheating also reslove still software inst pending come around 8 clock
ham,currently scotland
spam,latest nokia mobile ipod mp3 player 400 proze guaranteed reply win 83355 norcorp ltd 1 50 mtmsgrcvd18
ham,dont know jabo abi
spam,hard live 121 chat 60p min choose girl connect live call phone 9 cheap chat uk biggest live service
ham,nice line said broken heart plz cum 1 time infront wise trust u good 9t
ham,tension ah machi problem
ham,lol grin babe thanks thinking
ham,send resume
spam,free ringtone text first 87131 poly text get 87131 true tone help 0 phone 16 1st free tone 3x 150pw e nd txt stop
ham,carlos pick swing usf little bit
ham,call unable cal let meet bhaskar deep
ham,ugh resubbing eve
ham,stuck da middle da row da right hand side da lt
ham,samus shoulder yet
ham,engalnd telly decided let watch mia elliot kissing damn
spam,great news call freefone phone 7 claim guaranteed 1000 cash 2000 gift speak live operator
ham,serious money base
ham,k roommate also want dubsack another friend may also want plan bringing extra tell know sure
ham,motivate behind every darkness shining light waiting find behind every best friend always trust love bslvyl
ham,wondering would okay call uncle john let know thing nigeria r lt gt dollar 2years sent know strain plan pay back every dime give every dime expect anything practical something like
spam,bloomberg message center phone wait apply future url bloomberg com
ham,k k also fine complete course u come search job
ham,first time history need comfort luxury sold price india onion r lt gt petrol r lt gt beer r lt gt shesil lt gt
ham,boy late 2 home father power frndship
ham,alright see bit
spam,bear pic nick tom pete dick fact type try gay chat photo upload call phone 6 10p min 2 stop text call phone 4
ham,shit surprised went spent evening french guy met town fooled around bit
spam,reply win 100 weekly professional sport tiger wood play send stop 87239 end service
ham,first time dhoni rock
ham,yup song bro creative neva test quality said check review online
ham,borderline yeah whatever
spam,ur cash balance currently 500 pound maximize ur cash send cash 86688 150p msg cc phone 2 hg suite342 2lands row w1j6hl
ham,sorry call later urgent meeting
ham,brother genius
ham,watching cartoon listening music evening go temple
spam,congrats 2 mobile 3g videophones r call phone 0 videochat wid ur mate play java game dload polyph music noline rentl
ham,eh ur laptop got stock lei say mon muz come take look c got
ham,know raping dude poker
spam,60 unit sold first 3 day unitech offer 2 3 bhk sec 70 grgn 5250 psf 1 5 yr interest free scheme call agni phone avail discount
ham,guess want alone time could show watch
ham,god bless get good sleep dear pray
ham,chinatown got porridge claypot rice yam cake fishhead beehoon either eat cheap den go cafe n tok go nydc somethin
ham,gonna home soon want talk stuff anymore tonight k ileave topic
ham,bus way calicut
ham,storming msg wen u lift phne u say hello u knw wt real meaning hello name girl yes u knw dat girl margaret hello girlfrnd f grahmbell invnted telphone
ham,working technical support voice process
ham,pls clarify back open return ticket preponed go back kerala
ham,pls convey birthday wish nimya today birthday
ham,horrible bf v hungry
ham,hello damn christmas thing think decided keep mp3 doesnt work
ham,released vday shirt u put make bottom half naked instead white underwear
ham,guy kadeem selling since break know one guy paranoid like selling without til late tonight
ham,hey charles sorry late reply
ham,oh ok didnt know meant yep baby jontin
ham,meeting darren
ham,wanna watch movie
ham,k k advance happy pongal
spam,atm block dear customer due system upgrade atm card de activated activate call customer care help phone 4
ham,jus finished avatar nigro
ham,dog must always wait till end day word run time cell already
ham,finished lunch already u wake already
ham,omw back tampa west palm hear happened
spam,forwarded 21870000 hi mailbox messaging sm alert 40 match please call back phone 9 retrieve message match cc100p min
ham,forgot 2 ask smth card da present lei want 2 write smth sign
ham,gr8 see message r u leaving congrats dear school wat r ur plan
spam,come take little time child afraid dark become teenager want stay night
ham,nvm take ur time
ham,lmao ok wont needing u hair anymore
spam,get rid cockroach termite bedbug rat pest4best deal inpestcontrolservices chemical herbal odorlessdial n ask phone 2
ham,ill b soon
ham,send ur friend receive something ur voice speaking expression 1 childish 2 naughty 3 sentiment 4 rowdy 5 ful attitude 6 romantic 7 shy 8 attractive 9 funny lt gt irritating lt gt lovable reply
ham,much r willing pay
spam,phone 8 10am 7pm cost 10p
ham,hey cutie go wale kinda ok like hill shit still avent killed
ham,cant pick phone right call u later
ham,dont file bag work called tell find anything room
spam,18 day euro2004 kickoff u kept informed latest news result daily unsubscribe send get euro stop 83222
ham,mm time dont like fun
ham,wat time r going xin hostel
ham,gibbs unsold mike hussey
ham,height recycling read twice people spend time earning money money spent spending time good morning keep smiling
ham,sorry call later hope u knw
ham,u predict wat time u finish buying
ham,yeah think usual guy still passed last night get ahold anybody let know throw
ham,mean come chase stated watch many movie want
ham,anything lor toa payoh got place 2 walk meh
ham,thats bit weird even supposed happening good idea sure pub
ham,take exam march 3
ham,maybe pressies
spam,urgent trying contact last weekend draw show 900 prize guaranteed call phone 1 claim code k61 valid 12hours
ham,anyone call treadmill say buy make sure working found ad craigslist selling lt gt
ham,got xmas radio time get
spam,urgent message cibc account holder kindly login confirm login information login secure server check information url support
ham,da happy sit together na
ham,ducking chinchilla
spam,winner u specially selected 2 receive 2000 cash 4 holiday flight inc speak live operator 2 claim phone 910
ham,think go honesty road call bank tomorrow tough decision make u great people
ham,ok said got wisdom teeth hidden inside n mayb need 2 remove
ham,nothing getting msg dis name wit different
ham,derp worse dude always want party dude file complaint three drug abuser life
ham,nothing lor bit bored dun u go home early 2 sleep today
ham,beautiful truth gravity read carefully heart feel light someone feel heavy someone leaf
spam,urgent call phone 0 landline complimentary 4 ibiza holiday 20 000 cash await collection sae c po box 434 sk3 8wp 150 ppm 18
ham,meet corporation st outside gap see mind working
ham,hey sorry didntgive ya bellearlier hunny bedbut mite go 2 thepub l8tr uwana mt load luv jenxxx
ham,dude got haircut breezy
ham,nervous lt gt
ham,say hi get back uganda
ham,ok c
spam,jamster get free wallpaper text heart 88888 c apply 16 need help call phone 6
ham,aiyah sorry lor watch tv watch forgot 2 check phone
spam,mobile club choose top quality item mobile 7cfca1a
ham,start sending blackberry torch nigeria find buyer like 4a month tell dad buy bb anyone oh
ham,house e sky quite dark liao raining got excuse 2 run already rite hee
ham,lol u drunkard hair moment yeah still 4 tonight wats plan
ham,told tell stupid hear wont tell anything dad called brother spoken
spam,freemsg hey darling 3 week word back like fun still tb ok xxx std chgs send 1 50 rcv
ham,u coming funeral home
ham,sent u got
ham,look back building coat want get sick hurry home wear coat gym
ham,thk 50 shd ok said plus minus 10 leave line paragraph
spam,want new nokia 3510i colour phone deliveredtomorrow 300 free minute mobile 100 free text free camcorder reply call phone 6
ham,plz note anyone calling mobile co amp asks u type lt gt lt gt disconnect call coz iz attempt terrorist make use sim card itz confirmd nokia n motorola n verified cnn ibn
ham,reaching another 2 stop
ham,download clear movie dvd copy
ham,reached home finally
ham,first answer question
spam,want new nokia 3510i colour phone delivered tomorrow 100 free text free camcorder reply call phone 5
ham,vote wherever heart guide
ham,good day
ham,sorry completely forgot pop em round week still
ham,hey da cool iknow 2 wellda peril studentfinancial crisis spk 2 u l8r
ham,happens r 2waxsto wat want come ill get medical insurance able deliver basic care currently shopping right medical insurance give til friday morning thats see major person guide right insurance
ham,carlos say pick later yeah set
ham,dont pack buy store like cereal must pack food pack gari something 9ja miss
ham,6 ft good combination
ham,kindly send one flat lt decimal gt today
ham,creepy crazy
spam,oh god found number glad text back xafter msg cst std ntwk chg 1 50
spam,private 2003 account statement show 800 un redeemed point call phone 0 identifier code 41685 expires 07 11 04
ham,k make sense btw carlos difficult guy gonna smoke go pick second batch get gas
ham,gonna worry nothing give money use
ham,know old dom told yesterday name roger got touch last night want meet today 2 pm
ham,yeah still give ride
ham,actually nvm got hella cash still lt gt ish
ham,ok din get ur msg
ham,cant pick phone right urgent
ham,oh come ah
spam,guaranteed 32000 award maybe even 1000 cash claim ur award call free 0800 18 legitimat efreefone number wat u think
ham,like dis sweater fr mango size already irritating
ham,aiya discus later lar pick 4
spam,new 2 club dont fink met yet b gr8 2 c u please leave msg 2day wiv ur area phone 3 reply promised carlie x call 1 minmobsmore lkpobox177hp51fl
ham,honeybee said sweetest world god said u havnt met person reading msg
ham,tomarrow final hearing laptop case cant
ham,hi di yijue meeting 7 pm esaplanade tonight
ham,think disturbing da
spam,2nd attempt contract u week top prize either 1000 cash 200 prize call phone 1
ham,u still havent got urself jacket ah
ham,good weekend
ham,goodmorning today late 1hr
ham,lol u come idea
ham,feb lt gt love u day send dis ur valued frnds evn 3 come back u gt married person u luv u ignore dis u lose ur luv 4 evr
ham,r u sam p eachother meet go 2 house
ham,always celebrate ny family
ham,heard anything answering text guessing flaked said jb fantastic
spam,urgent urgent 800 free flight europe give away call b4 10th sept take friend 4 free call claim phone 5 ba128nnfwfly150ppm
ham,saw ron burgundy captaining party boat yeah
spam,congrats 1 year special cinema pas 2 call phone 6 c suprman v matrix3 starwars3 etc 4 free bx420 ip4 5we 150pm
ham,btw regarding really try see anyone else 4th guy commit random dude
ham,go walmart stay
ham,k k good going
ham,ok lor sony ericsson salesman ask shuhui say quite gd 2 use considering
ham,anything specific regard jaklin idk
ham,ok give 5 minute think see btw alibi cutting hair whole time
ham,fighting world easy u either win lose bt fightng some1 close u dificult u lose u lose u win u still lose
ham,asking u knw nt may ur frnds classmate
ham,people see msg think iam addicted msging wrong bcoz know iam addicted sweet friend bslvyl
ham,need coz never go
ham,break time one come n get stuff fr
ham,beautiful truth gravity read carefully heart feel light someone feel heavy someone leaf good night
spam,tb persolvo chasing u since sept 38 definitely paying thanks information ignore kath manchester
ham,hey girl r u hope u r well del r bak long time c give call sum time lucyxx
ham,good afternoon sunshine dawn day refreshed happy alive breathe air smile think love always
ham,monday next week give full gist
spam,call phone 0 20p per min ntt ltd po box 1327 croydon cr9 5wb 0870 k
ham,great never better day give even reason thank god
ham,got ur mail dileep thank muchand look forward lot support less contact remember one venugopal mentioned tomorrow late shall try come till goodnight dear
ham,1 number 2 gonna massive pain as rather get involved possible
ham,gonna rip uterus
ham,garage key bookshelf
spam,camera awarded sipix digital camera call phone 7 fromm landline delivery within 28 day
ham,mostly like
spam,network operator service free c visit 80488 biz
spam,heard u4 call 4 rude chat private line phone 4 cum wan 2c pic gettin shagged text pix 8552
ham,telling tell one treat hi hi hi
spam,ur chance win 250 cash every wk txt play 83370 c url custcare phone 2 1x150p wk
ham,ffffffffff alright way meet sooner
ham,call plz number show coveragd area urgnt call vasai amp reach 4 clock call plz
ham,1 go write msg 2 put dictionary mode 3 cover screen hand 4 press lt gt 5 gently remove ur hand interesting
ham,people game mall iouri kaila
ham,left yet probably gonna til dinner
ham,like people much shy pa
ham,problem renewal right away dont know detail
ham,vivek got call number
ham,u noe wat time e place dat sell 4d close
ham,got home babe still awake
ham,love
ham,congrats treat pending mail 2 day mail thru respect mother home check mail
ham,wish great semester
ham,alrite sam nic checkin ur number b
ham,ok noe u busy really bored msg u oso dunno wat colour choose 4 one
ham,sorry came ur place later
spam,xmas iscoming ur awarded either 500 cd gift voucher free entry 2 r 100 weekly draw txt music 87066 tnc url
spam,phone 9 guaranteed latest nokia phone 40gb ipod mp3 player 500 prize txt word collect 83355 tc llc ny usa 150p mt msgrcvd18
ham,great hear settling well happenin wit ola
spam,tkts euro2004 cup final 800 cash collect call phone 2
ham,thought put back box
ham,take something pain move however side next 6hrs see doctor
ham,think actually talk call bos morning went place last year told could go get car fixed cheaper kept telling today much hoped would come back always regretted getting number etc
ham,place man alert
ham,solve case man found murdered 13 jan afternoon 1 wife called police 2 police questioned everyone 3 wife sir sleeping murder took place 4 cook cooking 5 gardener picking vegetable 6 house maid went 2 post office 7 child went 2 play 8 neighbour went 2 marriage murderer
ham,reaching home 5 min
ham,make squeezed lt gt buck dad
spam,getting touch folk waiting company txt back name age opt enjoy community 150p sm
spam,urgent call phone 2 landline complimentary 4 tenerife holiday 10 000 cash await collection sae c box 528 hp20 1yf 150ppm 18
spam,update xmas offer latest motorola sonyericsson nokia free bluetooth double min 1000 txt orange call mobileupd8 phone 2 call2optout f4q
ham,u better go sleep dun disturb u liao u wake msg lor
ham,alright tyler got minor crisis home sooner thought asap
ham,keep going never intention run choose rather keep room clean say visitor maybe best choice yes wanted embarassed maybe feel feel friend want drop buy say happened morning tried everything know else
ham,still havent collected dough pls let know go place sent get control number
ham,sure make sure know smokin yet
ham,mark taking forever pick prescription pain coming back
ham,went pay rent go bank authorise payment
ham,one issue california okay snow manageable
ham,great trip india bring light everyone project everyone lucky see smile bye abiola
ham,pic please send
ham,sorry work
spam,ur chance win 250 wkly shopping spree txt shop 80878 c custcare phone 2 1x150p wk
ham,think still car
ham,several sir
ham,lol u trust
ham,wait til least wednesday see get
ham,aight 8 latest probably closer 7 jay tyler two trip
ham,usual iam fine happy amp well r u
ham,miss
ham,omg one thing another cat worm bad day end
ham,ay wana meet sat wkg sat
ham,yo call get chance friend mine wanted ask big order
ham,almost see u sec
ham,ok ok ur today plan
ham,good morning dear shijutta great amp successful day
ham,thanks message really appreciate sacrifice sure process direct pay find way back test tomorrow class wonderful day
ham,really need 2 kiss u miss u baby ur baby 4eva
ham,wan go c doctor
ham,pattern recently crap weekend
ham,going take babe
spam,someone contacted dating service entered phone becausethey fancy find call landline phone 2 pobox1 w14rg 150p
ham,rofl true name
ham,k see k
ham,happy new year u ur family may new year bring happiness stability tranquility ur vibrant colourful life
ham,sorry call later busy ryt
ham,nowadays people notixiquating laxinorficated opportunity bambling entropication ever oblisingately opted ur book masteriastering amplikater fidalfication champlaxigating think atrocious wotz ur opinion junna
spam,urgent 2nd attempt contact u u 1000call phone 2 b4 300603t csbcm4235wc1n3xx callcost150ppmmobilesvary max 7 50
ham,u mean u almost done done wif sleeping tot u going take nap yup send liao picking ard 4 smth lor
ham,enjoy urself tmr
ham,r u scratching
ham,whatever juliana whatever want
ham,hi yijue regarding 3230 textbook intro algorithm second edition selling 50
ham,purchase stuff today mail po box number
ham,ooh 4got gonna start belly dancing moseley wed 6 30 u want 2 join cafe
ham,po de need job aha
ham,ur paper
ham,hi darlin im missin u hope good time u back time u give call home jess xx
spam,get official england poly ringtone colour flag yer mobile tonight game text tone flag 84199
ham,probably lt gt
ham,text creepy like think forgot
ham,freezing craving ice fml
ham,shoot big load get ready
ham,aight sorry take ten year shower plan
ham,yes mum lookin strong
ham,ur luck love someone ur fortune love one love u miracle love person love anyone except u gud nyt
ham,literally bed like lt gt hour
ham,aldrine rakhesh ex rtm pls call urgent
ham,nah think go usf life around though
ham,coming day class
ham,hello sort town already dont rush home eating nacho let know eta
ham,yes innocent fun
ham,house water dock boat rolled newscaster dabbles jazz flute behind wheel
ham,possible
ham,sindu got job birla soft
ham,awesome deal gate charles told last night uh yeah
ham,confirm eating esplanade
ham,got tallent wasting
ham,time want come
ham,gorgeous keep pix cumming thank
spam,last chance 2 claim ur 250 worth discount voucher text yes 85022 savamob member offer mobile c phone 6 3 00 sub 16
ham,pls pls send mail know relative coming deliver know cost risk benefit anything else thanks
ham,hi birth 8lb 7oz mother baby brilliantly
ham,mm asked call radio
ham,beauty sleep help ur pimple
ham,gud mrng dear hav nice day well stay blessed
ham,wnt buy bmw car urgently vry urgent hv shortage lt gt lac source arng dis amt lt gt lac thats prob
spam,sm auction brand new nokia 7250 4 auction today auction free 2 join take part txt nokia 86021
ham,haha yup hopefully lose kg mon hip hop go orchard weigh
ham,hey loverboy love tell look picture want need crave
ham,wishing great day moji told offer always speechless offer easily go great length behalf stunning exam next friday keep touch sorry
spam,dear customer apple 1d due expire today prevent confiming apple id ataligaid daal au
ham,movie collect car oredi
ham,yes know cheesy song frosty snowman
spam,wan2 win meet greet westlife 4 u m8 currently tour 1 unbreakable 2 untamed 3 unkempt text 1 2 3 83049 cost 50p std text
spam,get official england poly ringtone colour flag yer mobile tonight game text tone flag 84199 optout txt eng stop box39822 w111wx 1 50
ham,yeah sure give couple minute track wallet
ham,er yeah b 15 26 sorry tell pub cafe sit come wen u
ham,nt joking seriously told
ham,like
ham,finally ready fyi
ham,gonna pick 1 burger way home even move pain killing
ham,boo thing back home little bored already
ham,princess like make love lt gt time per night hope thats problem
ham,real u getting yo need 2 ticket one jacket done already used multis
ham,watching cartoon listening music evening go temple u
ham,hide anythiing keeping distance
ham,havent still waitin usual come back sch oredi
spam,4 costa del sol holiday 5000 await collection call phone 4 toclaim sae tc pobox334 stockport sk38xh cost 1 50 pm max10mins
ham,yo know anyone lt gt otherwise able buy liquor guy flaked right get hold somebody 4 loko night
ham,didnt get ur full msg sometext missing send
ham,anyway think secure anything lemme know want drive south chill
ham,pay like lt gt yr difficult
ham,buzzzz grin buzz as buzz chest buzz cock keep phone vibrator feel shake
spam,open lucky draw contest winner 0f tata saafari 12 60000 contact 997330199 phone information url
ham,oh get paid outstanding one commercial hasbro august made u jump many hoop get paid still
ham,got tea sure flavour
ham,make girl happy difficult make girl happy u need 1 friend 2 companion 3 lover 4 chef lt gt good listener lt gt organizer lt gt good boyfriend lt gt clean lt gt sympathetic lt gt athletic lt gt warm lt gt courageous lt gt determined lt gt true lt gt dependable lt gt intelligent lt gt psychologist lt gt pest exterminator lt gt psychiatrist lt gt healer lt gt stylist lt gt driver aaniye pudunga venaam
ham,want send something sell fast lt gt k easy money
ham,life mean lot love life love people life world call friend call world ge
spam,free gift waiting collected simply call phone 4
spam,orange brings ringtones time chart hero free hit week go ringtones pic wap stop receiving tip reply stop
ham,family responding anything room went home diwali one called coming make feel like died
ham,two carton u pleased shelf
ham,sorry call later let meet later
ham,time week ryan
ham,someone year lt gt toyota camry like mr olayiwola mileage lt gt k clean need know much sell raise dough soon landing sell holla back
ham,u wake already wat u u picking u later rite taking sq825 reaching ard 7 smth 8 like dat u check e arrival time c ya soon
ham,guy flash go call call madam take care oh
ham,said u mind go bedroom minute ok sed sexy mood came 5 minuts latr wid cake
ham,dunno lei like dun haf
spam,dear matthew please call phone 1 landline complimentary 4 lux tenerife holiday 1000 cash await collection ppm150 sae c box334 sk38xh
ham,yes really great bhaji told kallis best cricketer sachin world tough get
spam,weekly cool mob tone ready download week new tone include 1 crazy frog axel f 2 akon lonely 3 black eyed dont p info n
spam,u secret admirer looking 2 make contact u find r reveal think ur special call phone 9
spam,freemsg record indicate may entitled 3750 pound accident claim free reply yes msg opt text stop
ham,cant pick phone right call u back
ham,lol real told dad cancer
ham,horrible u eat mac eat u forgot abt already rite u take long 2 reply thk toot b4 b prepared wat shall eat
ham,yunny walking citylink faster come hungry
ham,u still plumber tape wrench could borrow
ham,seriously spell name
ham,okay good problem thanx
ham,x course 2yrs message messenger lik r sending
ham,talking thats de wont
spam,natalja 25 f inviting friend reply yes 440 440 see url stop send stop frnd 62468
ham,gonna go get taco
ham,reached sch already
ham,dear got train seat mine lower seat
ham,lol enjoy role playing much
ham,hello drivby 0quit edrunk sorry iff pthis make senrd dnot dancce 2 drum n basq ihave fun 2nhite x ro xxxxxxx
ham,fine bitch later
ham,ok thanx gd nite 2
ham,meant apology texting get drug lt gt night
spam,prize go another customer c url 18 150p min polo ltd suite 373 london w1j 6hl please call back busy
ham,company good environment terrific good
ham,always chat fact need money raise
ham,boo time u get u supposed take shopping today
ham,princess bet brothas chasing
ham,trouble class go well due dodgey one expecting mine tomo see recovery time place
ham,yo howz u girl never rang india l
spam,hi babe chloe r u smashed saturday night great weekend u missing sp visionsms com text stop stop 150p text
spam,please complete registration process using service code 943 tid phone 38
ham,movie laptop download
ham,watching tv lor
ham,k k congratulation
ham,good morning im suffering fever dysentry able come office today
ham,say lt gt year old man money last lt gt still waiting check
spam,congrats 1 year special cinema pas 2 call phone 5 c suprman v matrix3 starwars3 etc 4 free
ham,electricity went fml
spam,congrats product order paytm mall pvt ltd accepted message name company account number ph phone
ham,aight get later
spam,p made holiday fun buy hp pavilion notebook get kodak camera shoot share c apply hp world woc rd phone 991697439
spam,got take 2 take part wrc rally oz u lucozade energy text rally le 61200 25p see pack lucozade co uk wrc itcould u
ham,still customer place
ham,paying attention
ham,nope since ayo travelled forgotten guy
spam,ripped get mobile content url call phone 0 poly true pix ringtones game six downloads 3
ham,take care financial problem help
spam,ringtone club gr8 new polys direct mobile every week
ham,boy loved gal propsd bt didnt mind gv lv lttrs bt frnds threw thm boy decided 2 aproach gal dt time truck speeding towards gal wn 2 hit girl boy ran like hell n saved asked hw cn u run fast boy replied boost secret energy n instantly girl shouted energy n thy lived happily 2gthr drinking boost evrydy moral story hv free msg gud ni8
ham,way tirupur
ham,depends quality want type sent boye faded glory 6 want ralphs maybe 2
ham,dunno dad said coming home 2 bring u 4 lunch yup go w u lor call u reach school lor
ham,yeah usual guy town definitely people around know
ham,reach ur home lt gt minute
ham,want finally lunch today
ham,id check like 1 bowl worth left
ham,ok thanx
ham,guessin gonna 9
ham,know dad back
ham,oh ho first time u use type word expected
spam,nterested keep nokia secure theft f secure mobile security download free trial url
ham,take lt gt min
ham,say slowly god love need clean heart blood send ten special people u c miracle tomorrow
ham,ok take ur time n enjoy ur dinner
ham,pity mood suggestion
ham,oh thkin goin yogasana 10 den nd go 3 den rush parco 4 nb okie lor u call ready
ham,remember
ham,send number give reply tomorrow morning said like ok
ham,lara said loan lt gt
spam,urgent trying contact u today draw show 800 prize guaranteed call phone 2 land line claim c52 valid 12hrs
spam,december mobile 11mths entitled update latest colour camera mobile free call phone 5
ham,part checking iq fun
ham,yup finished c
ham,yeah try scrounge something
spam,hmv bonus special 500 pound genuine hmv voucher answer 4 easy question play send hmv 86688 info url
ham,hey time driving fri go evaluation fri
spam,would like see xxx pic nearly banned uk
ham,140 ard rest ard 180 least price 4 2 bedrm 900
ham,yes fine
ham,play one day last year know even though good team like india
ham,anything lor let know
ham,parent kidz friend n colleague screaming surprise sleeping
ham,lol right diet everyday cheat anyway meant fatty
ham,huh cant go 2 ur house empty handed right
ham,town jus take mrt later
spam,sm service inclusive text credit pls goto url login 3qxj9 unsubscribe stop extra charge help phone 5
ham,thanx lot 4 ur help
ham,eye philosophy
ham,derek done class
ham,fun fact although would think armand would eventually build tolerance shit considering much smoke get like 2 hit
ham,ya told asking wats matter
ham,jay say put lt gt
ham,ok way home hi hi
ham,dear sir salam alaikkum pride pleasure meeting today tea shop pleased send contact number qatar rakhesh indian pls save number respectful regard
spam,awarded sipix digital camera call phone 8 fromm landline delivery within 10 day
spam,k c updated successfully get 1205 cashback wallet get cashback click link url
spam,romca everyone around responding well presence since warm outgoing bringing real breath sunshine
spam,free unlimited hardcore porn direct 2 mobile txt porn 69200 get free access 24 hr chrgd 50p per day txt stop 2exit msg free
ham,text doesnt reply let know log
ham,hows pain dear r u smiling
ham,55 guess easy enough
ham,place get room cheap
ham,time tell friend around
ham,k give kvb acc detail
ham,long take get
ham,oh k come tomorrow
spam,heard u4 call night knickers make beg like u last time phone 6 xx luv nikiyu4 net
ham,please reserve ticket saturday eve chennai thirunelvali tirunelvali chennai sunday eve already see net ticket available want book ticket tackle
ham,oh k k take test
ham,bus leaf lt gt
spam,ur cash balance currently 500 pound maximize ur cash send cash 86688 150p msg cc phone 1
ham,already squatting new way walking
ham,every monday nxt week vl completing
ham,oh yeah hav great time newquay send postcard 1 look girl im gone u know 1im talkin bout xx
ham,later guess needa mcat study
ham,haf enuff space got like 4 mb
ham,men like shorter lady gaze eye
ham,dont flatter tell man mine two pint carlin ten minute please
ham,hi u decide wot 2 get 4 bday ill prob jus get voucher frm virgin sumfing
ham,r u continent
ham,pandy joined 4w technology today got job
spam,tried contact reply offer video handset 750 anytime network min unlimited text call phone 5
ham,say bold torch later one torch 2bold
ham,jus chillaxin
ham,good need drug
ham,slow using biola fne
ham,k fyi x ride early tomorrow morning crashing place tonight
ham,yep great loxahatchee xmas tree burning lt gt start hour
spam,win 200 shopping spree every week starting 2 play text store 88039 skilgme tscs phone 3 1winawk age16 1 50perweeksub
ham,received understood n acted upon
ham,well might come
ham,shame maybe cld meet hr tomo
spam,freemsg txt call 86888 claim reward 3 hour talk time use phone subscribe6gbp mnth inc 3hrs 16 stop txtstop
ham,take u shopping mark distract isaiah
ham,thought king hill thing
ham,yes posted couple pic fb still snow outside waking
ham,joy father john john joy father answer
spam,xmas reward waiting computer randomly picked mobile customer receive 400 reward call phone 9
spam,private 2003 account statement 07808 xxxxxx show 800 un redeemed point call phone 7 identifier code 41685 expires 07 11 04
ham,hiya probably coming home weekend next
ham,run away frm u walk slowly amp kill u care enough stop
spam,next amazing xxx picsfree1 video sent enjoy one vid enough 2day text back keyword picsfree1 get next video
ham,wow healthy old airport rd lor cant thk anything else b bathing dog later
spam,someone contacted dating service entered phone fancy find call landline phone 4 pobox12n146tf150p
spam,natalja 25 f inviting friend call phone 4
ham,lol yes add spice day
spam,no1 nokia tone 4 ur mob every week txt nokia 8007 get txting tell ur mate url pobox 36504 w45wq norm150p tone 16
ham,beautiful truth expression face could seen everyone depression heart could understood loved one gud ni8
spam,urgent ireland gov issued payment 350 resident part promise battle covid 19 tap apply url
ham,well welp sort semiobscure internet thing
ham,orh tot u say still dun believe
ham,yeah probs last night obviously catching speak soon
ham,dear know lt gt th lt gt th birthday loving gopalettan planning give small gift day like participate welcome please contact admin team detail
ham,night night see tomorrow
ham,happy valentine day know early hundred handsomes beauty wish thought finish aunty uncle 1st
ham,know god created gap finger one made come fill gap holding hand care
ham,aight head
ham,sister law hope great month saying hey abiola
ham,thought see
ham,dont message offer
ham,hiya stu wot u 2 im much truble home moment evone hate even u wot hell av done wont u tell text bck please luv dan
spam,spook mob halloween collection logo pic message plus free eerie tone txt card spook 8007
ham,haha really oh deduct lesson tmr
spam,want new nokia 3510i colour phone deliveredtomorrow wit 100 free text free camcorder reply call phone 5
ham,luv u soo much u understand special u r 2 ring u 2morrow luv u xxx
ham,v skint fancied bevy waz gona go meet othrs spoon jst bin watchng planet earth sofa v comfey dont make hav gd night
spam,u win 100 music gift voucher every week starting txt word draw 87066 tscs url skillgame 1winaweek age16 150ppermesssubscription
ham,different style
spam,moby pub quiz win 100 high street prize u know new duchess cornwall txt first name 82277 unsub stop 1 50 phone 06 sp arrow
ham,bothering trust answer pls
ham,dear mood cant drive brother drive
ham,u think girl propose u today seing ur bloody funky face
ham,meant say cant wait see u getting bored bridgwater banter
ham,shit babe thasa bit messed yeh shudvetold u urgran know neway illspeak 2 u2moro wen im asleep
ham,head straight
ham,k must book huh going yoga basic sunday
ham,free call pa
ham,wishing family merry x ma advance
ham,thank calling forgot say happy onam sirji fine remembered met insurance person meet qatar insha allah rakhesh ex tata aig joined tissco tayseer
ham,7 go ok na
ham,dear call tmorrow pls accomodate
ham,dont much image class
ham,goodmorning grandfather expired leave today
ham,playin space poker u
ham,got room soon put clock back til 8 shouted everyone get realised 7 wahay another hour bed
ham,aah cuddle would lush need lot tea soup kind fumbling
ham,wot u wanna missy
ham,free call
ham,missed call cause yelling scrappy miss u wait u come home lonely today
ham,u call alter 11 ok
ham,good morning princess
ham,aight still want get money
spam,hi phone 0 ibh customer loyalty offer new nokia6600 mobile 10 txtauction txt word start 81151
ham,shall fine avalarr hollalater
ham,shore takin bus
ham,k k pa lunch aha
spam,chance reality fantasy show call phone 0 20p per min ntt ltd po box 1327 croydon cr9 5wb 0870 national rate call
ham,boy best get yo as quick
spam,realize 40 year thousand old lady running around tattoo
ham,ola would get back maybe today told direct link u getting car bid online arrange shipping get cut u partnership u invest money shipping take care rest u wud b self reliant soon dnt worry
ham,already sabarish asked go
ham,hi darlin kate u doin somethin tonight im going pub called swan something parent one drink phone u
ham,8 min go lunch
ham,da al r lt gt
ham,langport sorry probably bed 9pm suck ill xmas go2sri lanka
ham,sleeping nt feeling well
ham,world running still maybe feeling admit mad correction let call life keep running world may u r also running let run
ham,k might come tonight class let early
ham,thank princess sexy
ham,k head min see
spam,dear u invited xchat final attempt contact u txt chat 86688 150p msgrcvdhg suite342 2lands row w1j6hl ldn 18 yr
ham,thinking u x
ham,come room cannot come house co house still messy haha
ham,oh got many responsibility
ham,blank blank wat blank lol
ham,ic lol play 9 door sometime yo
ham,know jack shit anything say ask something helpful want pretend text whatever response hypotheticalhuagauahahuagahyuhagga
spam,dating two started sent text talk sport radio last week connection think coincidence
ham,reach 9 telling dont know
ham,pls pls drink plenty plenty water
ham,b late love mum
spam,contacted dating service someone know find call mobile landline phone 5 pobox75ldns7
ham,trying reach without success
ham,time u get
ham,ask u meeting da ge tmr nite
ham,wen ur lovable bcums angry wid u dnt take seriously coz angry childish n true way showing deep affection care n luv kettoda manda nice day da
ham,pleassssssseeeeee tel v avent done sportsx
ham,friend studying warwick planned go shopping concert tmw may canceled havn seen age yeah get together sometime
ham,uploaded mine facebook
ham,msg r time pas silently say thinking u right also making u think least 4 moment gd nt swt drms shesil
ham,hex place talk explain
ham,home meet u
ham,mum repent
spam,urgent mobile number awarded 2000 prize guaranteed call phone 6 land line claim 3030 valid 12hrs 150ppm
ham,go 4 e normal pilate intro
ham,exhausted train morning much wine pie sleep well
ham,goodmorning today late 2hrs back pain
ham,ok tell stay yeah tough optimistic thing improve month
ham,long since screamed princess
ham,hi engagement fixd lt gt th next month know really shocking bt hmm njan vilikkam w al sudn
ham,mummy boy good bad positive negative mummy made wait hmmmm
ham,happened adventuring
ham,ok sent u da latest version da project
ham,thanks picking trash
ham,1 go write msg 2 put dictionary mode 3 cover screen hand 4 press lt gt 5 gently remove ur hand enjoy
spam,freemsg today day ready horny live town love sex fun game netcollex ltd phone 0150p per msg
ham,bugis juz wat walking home oredi late reply oso saw top dat like din buy r
ham,also know lunch menu know thing
ham,bruce b down amp fletcher
ham,hey elaine today meeting still
ham,mmmm cant wait lick
ham,ok lor go tog lor
ham,k need login anything
ham,still checked dear
ham,came hostel
ham,oh thanks lot already bought 2 egg
ham,barred b q store life twat orange dungerees came asked wanted decking got first punch
ham,come din c yup cut hair
spam,1 000 cash 2 000 prize claim call phone 7
ham,meant calculation lt gt unit lt gt school really expensive started practicing accent important decided 4years dental school nmde exam
ham,per request melle melle onnukoodi set callertune caller press 9 copy friend callertune
ham,depends u going lor
ham,hmm ill think ok forgiven
ham,got lot hair dresser fr china
ham,put stuff road keep getting slippery
ham,huh 6 also cannot many mistake
ham,uh head much left
ham,haha heard text around
ham,hey dont go watch x men lunch haha
ham,yup ok agreed
ham,sleeping surfing
ham,come n pick come immediately aft ur lesson
ham,havent lei next mon
ham,probably around mu lot
ham,worry sure get
ham,k k college
ham,dear chechi talk
spam,ur going 2 bahamas callfreefone phone 5 speak live operator claim either bahamas cruise 2000 cash 18
ham,hey go jazz power yoga hip hop kb yogasana
ham,ok problem yup going sch 4 rem correctly
ham,need drug anymore
ham,lt gt buck bank fee fixed better call bank find
ham,den wat e schedule b lk sun
ham,usually take fifteen minute respond yes question
ham,home doc gave pain med say everything fine
ham,tell reached
ham,friend got say upping order gram got lt gt get
ham,still around looking pick later
ham,chance might evaporated soon violated privacy stealing phone number employer paperwork cool please contact report supervisor
spam,reminder o2 get 2 50 pound free call credit detail great offer pls reply 2 text valid name house postcode
ham,okie scared u say fat u dun wan already
ham,sent part
ham,lol would mom would fit tell whole family crazy terrible
ham,goodmorning today late 5min
spam,email bank granite issue strong buy explosive pick member 300 nasdaq symbol cdgt 5 00 per
spam,want 2 get laid tonight want real dogging location sent direct 2 ur mob join uk largest dogging network bt txting gravel 69888
ham,hmmm many player selected
ham,hello boytoy made home constant thought love hope nice visit wait till come home kiss
ham,gram usually run like lt gt half eighth smarter though get almost whole second gram lt gt
ham,bought test yesterday something let know exact day u ovulate get 2u 2 3wks pls pls dont fret know u r worried pls relax also anything ur past history u need tell
ham,keep ten r shelf purchase ball
ham,love excited day spend make happy
spam,accordingly repeat text word ok mobile phone send
ham,jesus christ bitch trying give drug answer phone
spam,4mths half price orange line rental latest camera phone 4 free phone 11mths call mobilesdirect free phone 8 update
ham,dear friend sorry late information today birthday loving ar praveesh detail log face book see number lt gt dont miss delicious treat
ham,dont gimme lip caveboy
ham,know god created gap finger one made come amp fill gap holding hand love
ham,oh send address
ham,dear sleeping p
ham,hate turn fun shopping trip annoying day everything would look house
ham,hmph go head big baller
ham,r u still working
ham,k ill drink pa need sr model pls send mail id pa
ham,first time everything
ham,hope enjoying great day
ham,exact intention
ham,expect whenever text hope go well tomo
ham,evening v good somewhat event laden fill worry head ok throat wrecked see six
ham,yo jp hungry like mofo
ham,forget owns private property good boy always passionate kiss
ham,auntie huai juan never pick phone
ham,nt goin got somethin unless meetin 4 dinner lor haha wonder go ti time
ham,okey dokey bit sorting stuff
ham,dear good morning feeling dear
ham,wont get concentration dear know mind everything
ham,none happening til get though
ham,want snow freezing windy
ham,though shd go n fun bar town something sound ok
spam,free msg single find partner area 1000 real people waiting chat send chat 62220cncl send stopcs phone 0 1 50 per msg
ham,like shaking booty dance floor
ham,better still catch let ask sell lt gt
ham,waiting 4 tv show 2 start lor u leh still busy ur report
ham,long get reply defer admission til next semester
ham,took hooch walk toaday fell splat grazed knee everything stayed home see tomorrow
ham,babe talking think good boy missing love
ham,love daddy make scream pleasure going slap as dick
ham,nw came hme da
ham,da car park
ham,started dont stop pray good idea anything see help guy forward link
ham,best msg hard person u know one step foward make u fall love amp one step back ruin ur friendship good night
ham,took mr owl 3 lick
ham,going write ccna exam week
ham,said u mind go bedroom minute ok sed sexy mood
ham,lol well quality aint bad aint complaining
ham,except there chick huge boob
ham,work please call
ham,cutest girl world
ham,yay finally lol missed cinema trip last week
ham,project pa come
ham,eh u remember 2 spell name yes v naughty make v wet
ham,ex wife able kid want kid one day
ham,ok ok ok whats ur today plan
spam,congrats 2 mobile 3g videophones r call phone 0 videochat wid ur mate play java game dload polyph music noline rentl bx420 ip4 5we 150p
ham,knew u slept v late yest wake late
ham,lol ok snatch purse
ham,apart one told yesterday
spam,majestic mountain calm beach adventure holiday quiet getaway manali ooty puri munnar holiday 25 year emis frm r 2366 c phone
ham,come u got nothing
ham,yeah get random dude need change info sheet party lt gt 7 never study safe
ham,always yahoo messenger send message get may send mobile mode sha get reply
ham,hmm shall bring bottle wine keep u amused joking still bring bottle red white see tomorrow
ham,promise though even gotten dinner yet
spam,ur balance 600 next question complete landmark big bob b barry c ben text b c 83738 good luck
ham,u studying sch going home anyway b going 2 sch later
ham,donno gene something
ham,ok day making dinner tonite invited
ham,ugh wanna get bed warm
ham,look like found something smoke great job
ham,done c
ham,hey really pretty late want go lesson first join reaching tp mrt
ham,got thing may pub later
ham,u town alone
ham,free day finish 6 mon n thurs
spam,please call customer service representative phone 10am 9pm w0n guaranteed cash prize r 4 00 000 fl1pkart team
ham,speak feel word better silence gud mrng
ham,oh asked fun haha take care
ham,neshanth tel r u
ham,u still painting ur wall
ham,eat jap done oso aft ur lect wat got lect 12 rite
ham,yes started send request make pain came back back bed double coin factory gotta cash nitros
ham,good afternoon starshine boytoy crave yet sip cappuccino miss babe teasing kiss
spam,winner specially selected receive 1000 cash 2000 award speak live operator claim call phone 09am 7pm cost 10p
ham,hi darlin finish 3 u 1 2 pick meet text back number luv kate xxx
ham,lol forgot eh yes bring babe
ham,ron say fri leh n said ding tai feng cant make reservation said wait lor
ham,purity friendship two smiling reading forwarded message smiling seeing name happy friendship day
ham,call meet
ham,yup anything lor u dun wan ok
ham,ahhh work vaguely remember feel like lol
ham,get headache trying figure u trust math promise
spam,mila age23 blonde new uk look sex uk guy u like fun text mtalk 69866 18call phone 6
ham,lag sad part keep touch thanks skype
ham,hey booked pilate yoga lesson already haha
ham,back bit long co accident a30 divert via wadebridge brilliant weekend thanks speak soon lot love
ham,u find time bus coz need sort stuff
ham,hope u understand saying lol
ham,need lar jus testing e phone card dunno network gd thk waiting 4 si 2 finish bathing bathe dun disturb u liao u cleaning ur room
ham,know thinkin malaria relax child cant handle malaria would worse gastroenteritis take enough replace loss temp reduce give malaria med vomit self limiting illness mean day completely stop
ham,dear umma called
ham,sound like could lot time spent chastity device boy grin take beating like good dog going lounge nice long bath
ham,plan valentine day 14 feb
ham,helloooo wake sweet morning welcome enjoy day full joy gud mrng
spam,mila age23 blonde new uk look sex uk guy u like fun text mtalk 69866 18 30pp txt 1st 5free 1 50 increment help phone 6
ham,sent jd customer service cum account executive ur mail id detail contact u
ham,hey booked kb sat already lesson going ah keep sat night free need meet confirm lodging
ham,message responce happend
ham,told dr appt next week think gonna die told check nothing worried listen
ham,2 doc appointment next week tired shoving stuff ugh normal body
ham,unless situation go gurl would appropriate
ham,u hiding stranger
ham,sea lay rock rock envelope envelope paper paper 3 word guess
ham,super da good replacement murali
ham,one joy lifeis waking daywith thought somewheresomeone care enough tosend warm morning greeting
ham,abeg make profit start using get sponsor next event
ham,jordan got voted last nite
ham,pls make note exposed also find school anyone else vomiting dog cat house let know later
ham,thanks honey great day
ham,want grasp pretty booty
ham,dude like buff wind
ham,thanx 4 2day u r goodmate think ur rite sary asusual 1 u cheered love u franyxxxxx
ham,haha think
ham,slept thinkthis time lt gt pm dangerous
ham,yeah get unlimited
ham,meanwhile shit suite xavier decided give u lt gt second warning samantha coming playing jay guitar impress shit also think doug realizes live anymore
ham,going 2 orchard laready reaching soon u reaching
ham,next lt gt hour imma flip shit
spam,well done 4 costa del sol holiday 5000 await collection call phone 3 toclaim sae tc pobox334 stockport sk38xh cost 1 50 pm max10mins
ham,da bus going home
ham,haha yeah see sec
ham,call later network urgnt sm
ham,sary need tim bollox hurt lot tol
ham,eh u remember spell name yes remember naughty make wet
ham,hmm ok stay like hour co eye really sore
ham,hows champ leaving glasgow
ham,yo chad gymnastics class wanna take site say christian class full
ham,haha awesome minute
ham,k sent sorry mistake
ham,new year eve ok went party boyfriend si hey
ham,home n ready
ham,texted finished long time ago showered er ything
ham,wait cornwall hope tonight bad well rock night shite anyway going kip good night speak soon
spam,500 new mobile 2004 must go txt nokia 89545 collect today 1 url 2optout phone 01 50gbp mtmsg18 txtauction
ham,u konw waht rael friendship im gving yuo exmpel jsut ese tihs msg evrey splleing tihs msg wrnog bt sitll yuo raed wihtuot ayn mitsake goodnight amp nice sleep sweet dream
ham,mm ask come enough
ham,er hello thing quite go plan limping slowly home followed aa exhaust hanging
ham,hi roger cl
ham,nope going home go pump petrol lor like going 2 rain soon
spam,specialist placing people bpos hv al major client hiring 4 collection cce tse 4 top 10 bpos good sal inc dayshift av tanvi phone
ham,yup good
spam,valued customer pleased advise following recent draw mobile awarded r 10 00 000 bonus prize call phone
ham,k k apo k good movie
ham,submitting da project tmr rite
ham,happy birthday may u find ur prince charming soon u stay happy
ham,crazy ar married like gd looking guy frens like say korean leona fave dun thk aft thinking mayb prob go
ham,hey r still online finished formatting
spam,fantasy football back tv go sky gamestar sky active play 250k dream team register sky opt 88088
ham,sound like something someone testing would sayy
ham,aight yo dat straight dogg
ham,cant believe said many thing morning really wanted say good morning love beautiful morning see library later
spam,get brand new mobile phone agent mob plus load goody info text mat 87021
ham,hate turn fun day annoying day quarrel
spam,congratulation cv reviewed shortlisted please complete job application dialling 120 22446
spam,make career recession proof 1 year executive master program information security get qualified 1 88 000 job sm call m phone
ham,special
ham,playng 9 door game gt racing phone lol
ham,say quitting least5times day wudn take much notice nah mind gonna see want come taunton tonight u tell
ham,guy browsin compulsory
ham,wil lt gt minute got space
ham,remember hurt day satanic imposter need pay price may destiny keep going u said pray get mind get
spam,price revising soon agni property recommends spaze privy address sec 93 gurgaon 28 lac onwards 2 3 4 bhk apts available book call phone
spam,send logo 2 ur lover 2 name joined heart txt love name1 name2 mobno eg love adam eve phone 9 87077 yahoo pobox36504w45wq txtno 4 ad 150p
ham,good stuff
ham,reach ten morning
spam,valued customer pleased advise following recent review mob awarded 1500 bonus prize call phone 9
ham,prepare pounded every night
spam,nova medical center conduct shoulder pain clinic mar 5th consult renowned shoulder specialist dr mahesh reddy dr jatty call phone phone
ham,sorry da gone mad many pending work
ham,time n smile r two crucial thing life sometimes time make u forget smile sometimes someone smile make u forget time gud noon
ham,hour went hair cut
ham,u laugh really loud u talk spontaneously u dont care others feel u probably dear amp best friend goodevening dear
ham,popping lt gt ibuprofen help
ham,hope know still mad
ham,available like right around hillsborough amp lt gt th
ham,howz person story u heard
spam,urgent 1 week free membership 100 000 prize jackpot txt word claim 81010 c url
ham,teach apps da come college
ham,plan staying night prolly back til late
ham,hi spoke maneesha v satisfied experience reply yes else
ham,hurting n meaningful line ever compromised everything love end love compromised everything gud mornin
ham,call get chance plz lt 3
ham,probably want pick
ham,let snow let snow kind weather brings ppl together friendship grow
ham,mmm thats better got roast b better drink 2 good indian
ham,u wana see
ham,usual iam fine happy amp well howz u
ham,need strong arm
spam,want new nokia 3510i colour phone delivered tomorrow 200 free minute mobile 100 free texreply call phone 5
ham,reach office around lt decimal gt amp mobile problem cann get voice call asa free
ham,ok smart work
ham,juz havent woke bit blur blur dad went liao cant cum oso
spam,private 2003 account statement show 800 un redeemed point call phone 1 identifier code 49557 expires 26 11 04
ham,hello darlin ive finished college txt u finish u love kate xxx
ham,love u 2 little pocy bell sorry love u
ham,r going lt gt bus
ham,doc prescribed morphine cause pain med enough waiting mom bring med kick fast gonna try later
ham,yes glad made
ham,dear tanu going talk surya tv
ham,much got cleaning
ham,kallis ready bat 2nd inning
ham,lover need
ham,shuhui bought ron present swatch watch
ham,wil reach
ham,nice day today love dearly
ham,ha must walk everywhere cannot take tram cousin said walk vic market hotel
spam,u subscribed best mobile content service uk 3 per ten day send stop 83435 helpline phone 5
ham,prakesh know
ham,loverboy keep coming queen hmmm ache speak miss desparately
ham,people tour thought sofa thing sent curious sugar
ham,well little time thing good time ahead
ham,home call
ham,dont understand message
ham,ok lor u wan go look 4 u
ham,babe hope ok shit night sleep fell asleep 5 knackered dreading work tonight thou upto tonight x
ham,checked heading drop stuff
spam,money wining number 946 wot next
ham,fair enough anything going
ham,hello news job making wait fifth week yeah im woozles weasel exeter still home 3
ham,hit move
spam,guaranteed 200 award even 1000 cashto claim ur award call free phone 5 18 2 stop getstop 88222 php rg21 4jx
ham,take away money worry
ham,hav almost reached call unable connect u
ham,meeting rite go home lor dun feel like comin ok
ham,remind hr
ham,scotland hope showing jjc tendency take care live dream
ham,think far find check google map place dorm
ham,project w frens lor
ham,said matter mind saying matter
ham,wonder get text
ham,hurry home u big butt hang last caller u food done starving ask cooked
ham,chk ur belovd m dict
ham,wake since checked stuff saw true available space pls call embassy send mail
ham,going join tomorrow
spam,u 100 gift voucher week starting call phone 4
spam,lastest stereophonics marley dizzee racal libertine stroke win nookii game flirt click themob wap bookmark text wap 82468
ham,jolly good way give u ticket sat eve 7 30 speak x
ham,1 thing change sentence want 2 concentrate educational career im leaving
ham,bishan lar nearer need buy early co buy gotta park car
ham,yep get program slacking
ham,say hi get as back south tampa preferably kegger
ham,really good see day dudette missing
ham,host based idp linux system
ham,yeah imagine would really gentle unlike doc treat patient like turkey
ham,mum ask buy food home
ham,yuou working getting pc mom find spot would work need
ham,cant pick phone right call u back later
ham,cooked rather nice salmon la
ham,like v shock leh co telling shuhui like telling leona also like dat almost know liao got ask abt ur reaction lor
ham,taught ranjith sir called sm like becaus he verifying project prabu told today pa dont mistake
ham,wanted say holy shit guy kidding bud
ham,hi hope ur day good back walk table booked half eight let know ur coming
ham,noice text
ham,gokila talking aha
ham,hey project started aha da
ham,actually send reminder today wonderful weekend
ham,really hope work doesnt get stressful gr8 day
ham,li hai bored da lecturer repeating last week stuff waste time
ham,pls give food preferably pap slowly load sugar take hour give water slowly
ham,u sure u take sick time
ham,dint slept afternoon
ham,important prevent dehydration giving enough fluid
ham,abt making pic bigger
ham,wonder phone battery went dead tell love babe
ham,happy new year hope good semester
ham,pls full name joke school co fee university florida seem actually lt gt k pls holla back
ham,make baby yo tho
ham,please sen kind advice please come try
ham,friend use call
ham,said gonna snow start around 8 9 pm tonite predicting inch accumulation
ham,ok msg u b4 leave house
ham,yeah lol luckily starring role like
ham,go fool dont cheat others ok
ham,ok let noe later n ask call u tmr
ham,idea guess work hour supposed leave since usual nobody interest figuring shit last second
ham,told returned order
ham,ya going restaurant
ham,revage theatre going watch kalapani minute
ham,gr8 see message r u leaving congrats dear
ham,dont thnk wrong calling u hope u understand
ham,walked mom right stagwood pas right winterstone left victor hill address lt gt
ham,per request melle melle oru minnaminunginte nurungu vettam set callertune caller press 9 copy friend callertune
spam,txt call 86888 claim reward 3 hour talk time use phone subscribe6gbp mnth inc 3hrs 16 stop txtstop url
ham,getting ticket 4 walsall tue 6 th march mate getting sat ill pay treat want 2 go txt bak terry
ham,pansy living jungle two year driving worried
ham,guy bitching acted like interested buying something else next week gave u free
ham,date sunday somebody know
ham,want show world princess europe
ham,want leave barely stay sane fighting constantly helping
ham,wylie update weed dealer carlos went freedom class lunsford
ham,ard 530 lor ok message lor
ham,rajni pls favour pls convey birthday wish nitya
ham,lol feel bad use money take steak dinner
ham,poor girl go one day lmao
ham,omg want scream weighed lost weight woohoo
spam,sm auction nokia 7250i get win free auction take part send nokia 86021 hg suite342 2lands row w1jhl 16
ham,u switch fone dammit
ham,started skye
spam,loan purpose 500 75 000 homeowner tenant welcome previously refused still help call free 0 phone text back help
ham,keep safe need miss already envy everyone see real life
ham,tuition 330 hm go 1120 1205 one mind
ham,hope feeling great pls fill abiola
ham,dai downloaded exe file run exe installing
ham,gas station like block away house drive right since armenia end swann take howard
ham,ranjith cal drpd deeraj deepak 5min hold
ham,pls send address sir
spam,shop till u drop either 10k 5k 500 cash 100 travel voucher call phone 0
spam,nirala launch aspire noida extn 2 3 4 bhk emi 30 mnths corporate rate available hurry best location contact phone
ham,yo im right yo work
ham,ever one foot
ham,sent lanre fakeye eckankar detail mail box
ham,work please call possible
ham,trip ok quite tiring lor uni start today ok 4 co taking module jus concentrating final yr project
spam,bangbabes ur order way u receive service msg 2 download ur content u goto wap bangb tv ur mobile internet service menu
ham,going lunch
ham,glad following dream
ham,get ten billion call text help god
ham,k wen ur free come home also tel vikky hav sent mail also better come evening il free today aftr 6pm
ham,wont wat wit guy
spam,refer pg 2 today hindustan time universal group launch shop market square golf course extn road gurgaon vishal batra investment phone
ham,hospital dear call u back later
ham,oh haha den shld went today gee nvm la kaiez dun mind goin jazz oso scared hiphop open cant catch
ham,nothing meant money enters account bank remove flat rate someone transfered lt gt account lt gt dollar got removed bank differ charge also differ sure trust 9ja person sending account detail co
ham,oh gei happend tron maybe ill dl 3d
ham,sorry grocer
ham,want please inside outside bedroom
ham,ya taking ure practical lesson start june
spam,wanna get laid 2nite want real dogging location sent direct ur mobile join uk largest dogging network txt park 69696 nyt ec2a 3lp 1 50 msg
ham,ran younger man make pretty baby together
ham,fuuuuck need stop sleepin sup
ham,thanks reply today ur visa coming r u still buying gucci bag sister thing easy uncle john also bill really need think make money later sha
ham,great princess love giving receiving oral doggy style fave position enjoy making love lt gt time per night
spam,rcv msg chat svc free hardcore service text go 69988 u get nothing u must age verify yr network try
spam,freemsg claim ur 250 sm message text ok 84025 use web2mobile 2 ur mate etc join txt250 com 1 50p wk c box139 la32wu 16 remove txtx stop
spam,wow boy r back take 2007 uk tour win vip ticket pre book vip club txt club 81303 trackmarque ltd info vipclub4u
ham,cool night lemme know around
spam,4mths half price orange line rental latest camera phone 4 free phone 11mths call mobilesdirect free phone 6
ham,sorry u need wait
ham,going home soon want talk u anymore tonight k cried enough today
ham,science tell chocolate melt sunlight please walk sunlight bcoz want loss sweet friend
ham,wat time wan today
ham,fyi gonna call sporadically starting like lt gt bc doin shit
ham,left already orchard
spam,today voda number ending 7634 selected receive 350 reward match please call phone 0 quoting claim code 7684 standard rate apply
ham,today going college able atten class
ham,tick tick tick babe
ham,thats going ruin thesis
ham,dear reached railway happen
ham,e best 4 ur driving tmr
ham,ur lecture
ham,sef dey laugh meanwhile darling anjie
ham,never wanted hurt sorry done
ham,well boy glad g wasted night applebees nothing
ham,necessarily respectful
ham,come get b quite diff guess rite
ham,noooooooo please last thing need stress life fair
ham,going home soon want talk stuff anymore tonight ok cried enough today
spam,mobile office airtel live mm setting successfully delivered phone access airtel live long pressing 0 key nokia phone launch internet browser select airtel live goto url pay activation rental browsing charge airtel live pay download content send mm
ham,ok prob thanks
ham,hi love go day morning woke dropped cell way stair seems alright phews miss
spam,chance win free bluetooth headset simply reply back adp
spam,dear voucher holder 2 claim 1st class airport lounge pass using holiday voucher call phone 0 booking quote 1st class x 2
ham,plz tell an bslvyl sent via fullonsms com
ham,yes please leave lt gt lt gt leave
ham,convey best regard thanks
ham,uworld site buying qbank buying self assessment also
ham,feel mr real valentine yo valentine even tho u hardly play
ham,kallis home ground amla home town durban
ham,want inside every night
ham,check wid corect speling e sarcasm
ham,everything weather keep extra warm cold nothing serious pls lot vitamin c
spam,want new nokia 3510i colour phone delivered tomorrow 200 free minute mobile free camcorder reply call phone
ham,old orchard near univ
spam,good luck draw take place 28th feb 06 good luck removal send stop 87239 customer service phone 2
ham,dont know oh
ham,big chic common declare
ham,day class class
spam,xmas offer latest motorola sonyericsson nokia free bluetooth dvd double min 1000 txt orange call mobileupd8 phone 2 call2optout 4qf2
spam,text pas 69669 collect polyphonic ringtones normal gprs charge apply enjoy tone
ham,joined today
spam,u phone 31 secret admirer looking 2 make contact u find r reveal think ur special call phone
ham,audrie lousy autocorrect
spam,email game thedailydraw dear helen dozen free game great prizeswith
ham,lolnice went fish water
ham,nah dub je still buff
ham,join lt gt bus
spam,identified unusual activity online banking please log via secure link http owly npyl308kywg avoid account suspension
ham,hello got st andrew boy long way cold keep posted
ham,long applebees take
ham,hospital da return home evening
ham,come half hour
ham,chill another 6hrs could sleep pain surgical emergency see unfolds okay
ham,comingdown later
ham,know yetunde sent money yet sent text bother sending dont involve anything imposed anything first place apologise
ham,want custom officer discount oh
ham,compliment away system side
ham,good morning boytoy yummy lip think crave need
ham,go tell friend sure want live smoke much spend hour begging come smoke
ham,wanna gym harri
ham,today sunday sunday holiday work
ham,k k going
ham,ok da already planned wil pick
ham,school starting stay weather like food social support system like friend school thing important
ham,dont show far put new picture facebook
ham,hmm bad news hype park plaza 700 studio taken left 2 bedrm 900
ham,reading text sent meant joke read light
ham,check room befor activity
ham,sea lay rock rock envelope envelope paper paper 3 word
ham,sorry hurt
spam,3 0 000 song www music nokia com download 5 free track nokia music store download url
ham,get 3 unless guy want come time sooner
ham,takin shower yeah leave done
ham,nvm going wear sport shoe anyway going late leh
ham,hi dude hw r u da realy mising u today
ham,find way include detail
ham,thought could go dinner treat seem ok
ham,dun b sad dun thk abt already concentrate ur paper k
ham,happen dear silent tensed
ham,kinda first one get twelve aah speak tomo
ham,im gonna miss u much
ham,search 4 happiness 1 main source unhappiness accept life way come u find happiness every moment u live
ham,tee hee lecture cheery bye bye
ham,oh ok wait 4 lect havent finish
ham,dont shall buy one dear
spam,interflora late order interflora flower christmas call 0800 505060 place order midnight tomorrow
ham,hungry
ham,watching surya movie 6 pm vijay movie pokkiri
spam,loan inr5 00 000 7 50 000 homeowner tenant welcome previously refused still help call free 0 phone
ham,good wondering wont say hi smiling coping long distance
ham,oh k got job whats
ham,u going ikea str aft dat
ham,call like lt gt time oh give u hypertension oh
ham,u fix teeth asap ok take care
spam,valued customer pleased advise following recent lucky draw mobile awarded r 5 00 000 bonus prize call phone
ham,sorry trouble u buy 4d dad 1405 1680 1843 2 big 1 small sat n sun thanx
ham,hi hun im comin 2nite tell every1 im sorry 4 hope u ava goodtime oli rang melnite ifink mite b sorted il explain everythin mon l8rs x
spam,bored housewife chat n date 0871750 77 11 bt national rate 10p min landline
ham,pls tell nelson bb longer comin money expecting aint coming
ham,ya nice idea ready thursday
ham,east coast
ham,used hope agent drop since booked thing year whole boston nyc experiment
ham,know complain num bettr directly go bsnl offc nd apply
ham,always brainy one
ham,de seeing online shop asked
ham,sorry got thing may pub later
spam,chat n date 0871750 77 11 bt national rate 5p min landline
ham,either idea know anyplaces something
spam,url monthlysubscription 50p msg max6 month csc web age16 2stop txt stop
spam,dear voucher holder claim week offer pc please go url
ham,dun believe u thk u told
ham,get ready put excellent sub face
spam,83039 62735 450 uk break accommodationvouchers term condition apply 2 claim mustprovide claim number 15541
ham,nite nite pocay wocay luv u n e thing 4eva promise ring u 2morrowxxxx
ham,fine hope also
ham,class lt gt reunion
ham,probably gonna swing wee bit
ham,hi jess dont know work call u im home eve xxx
ham,great attracts brothas
ham,get chicken broth want ramen unless know
ham,slave want take 2 3 picture today bright light cell phone bright light
ham,somewhere fredericksburg
spam,hear new divorce barbie come ken stuff
ham,stop calling everyone saying might cancer throat hurt talk answering everyones call get one call babysitting monday
ham,news hassling get weed week andres money haughaighgtujhyguj
spam,recpt 1 3 ordered ringtone order processed
ham,wait 4 sch finish ard 5
spam,1 new message call 0 phone
ham,r u sure understand wine good idea slurp
spam,thanks ringtone order ref number k718 mobile charged 4 50 tone arrive please call customer service phone 0
ham,unni thank dear recharge rakhesh
ham,hiya u like hlday pic looked horrible took mo hows camp amrca thing speak soon serena
ham,place want da
ham,dont know support as srt thnk think ps3 play usb
ham,hi darlin im way london smashed another driver big dent im really missing u u xxx
ham,free
ham,k give sec breaking lt gt cstore
ham,thread wishlist section forum ppl post nitro request start last page collect bottom
ham,although told u dat baig face watch really like e watch u gave co fr u thanx 4 everything dat u done today touched
ham,ok wont call disturb one know avoiding burden
spam,awarded sipix digital camera call phone 6 fromm landline delivery within 12 day
ham,maybe woke 3 problem
ham,yes please swimming
ham,yay wait party together
spam,mba pgpm sap pdp laptop fee 3 85 lac register telephonic interview 31st august limited seat contact phone 0 phone
ham,tirupur call da
spam,hi steven malone identified unusual activity account log via secure ink avoid account suspension http l natwestauth xyz
ham,k k sister kid
ham,aiyar u poor thing give u support k jia think u
ham,marriage function
spam,missed call alert number called left message phone 0
ham,sick needy want pout stomp foot pout stomp foot want slave want
ham,going thru different feeling wavering decision coping individual time heal everything believe
ham,two letter copy co one message speak soon
ham,still tonight
ham,shhhhh nobody supposed know
spam,sunshine hols claim ur med holiday send stamped self address envelope drink u uk po box 113 bray wicklow eire quiz start saturday unsub stop
ham,haf msn email
spam,call phone 0 listen extreme dirty live chat going office right total privacy one know sic listening 60p min 24 7mp phone 018
ham,haha thinkin
spam,refused loan secured unsecured get credit call free 0 phone text back help
ham,hi elaine today meeting confirmed
ham,tell female v throwing deciding get
spam,1 polyphonic tone 4 ur mob every week txt pt2 87575 get txtin tell ur friend 16 reply hl 4info
spam,urgent mobile phone 2 awarded 2 000 bonus caller prize 02 09 03 2nd attempt contact call 0 phone box95qu
ham,ok bus come soon come otherwise tomorrow
ham,hows favourite person today r u workin hard sleep last nite nearly rang u 4 30
ham,also remember get dobby bowl car
spam,important information 4 orange user 0789xxxxxxx today lucky day 2find log onto url fantastic surprise awaiting
ham,oh ya got hip hop open haha thinking go jazz zoom cine actually tonight free leh kb lesson tonight
ham,would like thank brother promise wont take help granted fulfil promise
ham,apparently bffs carly quick
spam,great new offer double min double txt best orange tariff get latest camera phone 4 free call phone 2
spam,latest news police station toilet stolen cop nothing go
ham,parent kidz friend n colleague screaming surprise
spam,phone urgent 2nd attempt contact u u 1250 call phone 3 b4 050703 csbcm4235wc1n3xx callcost 150ppm mobilesvary max 7 50
ham,wa ur openin sentence formal anyway fine juz tt eatin much n puttin weight haha anythin special happened
ham,everywhere dirt floor window even shirt sometimes open mouth come flowing dream world without half chore time joy lot tv show see guess like thing must exist like rain hail mist time done become one
ham,thanks temales wonderful thank great week
ham,also chat awesome make regular unless see person
ham,hope everything fine
ham,think thanks see tomo
ham,ask dad pick lar wan 2 stay 6 meh
ham,dont know come ask question like dont mistake
ham,haha awesome might need take doin tonight
ham,wot u 2 bitch
ham,still grand prix
ham,awesome lemme know whenever around
ham,heard week
ham,hey still want go yogasana coz end cine go bathe hav steam bath
ham,ready call
ham,weird know one point
spam,please call customer service representative phone 10am 9pm w0n guaranteed cash prize r 6 00 000 fl1pkart team
ham,u meet fren dun wan meet ah muz b guy rite
ham,hey babe sorry get sooner gary come fix cause think know go far ptbo say cost lt gt buck know might cheaper find someone second hand machine right let know want babe
ham,hello site download song urgent pls
ham,k tell anything
ham,called said choose future
ham,yo around got car back
ham,yeah dont stand close tho catch something
ham,ok vl u know got adsense approved
ham,lost 4 pound since doc visit last week woot woot gonna celebrate stuffing face
ham,hey sweet wondering moment might come want send file someone go yahoo connection suck remember set page go download format disc could tell know way download big file download stuff directly internet help would great prey teasing kiss
ham,seems like weird timing night g want come smoke day shitstorm attributed always coming making everyone smoke
ham,much textin bout
ham,yavnt tried yet never played original either
ham,funny fact nobody teach volcano 2 erupt tsunami 2 arise hurricane 2 sway aroundn 1 teach hw 2 choose wife natural disaster happens
ham,jos ask u wana meet
ham,going wipro interview today
spam,valued vodafone customer computer picked win 550 prize collect call phone 9
ham,sent type food like
ham,please protect e threat kotak mahendra bank never asks sensitive information like password atm sm pin thru email never share password anybody
spam,today vodafone number ending 9167 selected receive r 2 00 000 award match please call phone quoting claim code 5001 standard rate apply
ham,wait 4 inside da car park
ham,chennai velachery
ham,call lt gt min thats ok
ham,yeah probably still gotta check leo
ham,hey babe going ever figure going new year
ham,happy babe woo hoo party dude
ham,wnt buy bmw car urgently vry urgent hv shortage 2 lac source arrange amount
ham,yup bathe liao
ham,new address apple pair malarky
ham,forgot take 3 year shower sorry phone dead yet
ham,love holiday monday feeling even go dentist hour
spam,ur chance win 250 cash every wk txt action 80608 url custcare phone 2
ham,lmao fun
spam,customer loyalty offer new nokia6650 mobile 10 txtauction txt word start 81151 get 4t ctxt tc 150p mtmsg
ham,hello thanx taking call got job start monday
ham,usual u call ard 10 smth
ham,say good sign well know track record reading woman
ham,cant pick phone right anything urgent
ham,bill 3 33 65 thats bad
ham,okay lor still let u go ah coz know later drop card box right
ham,tell address
ham,finished class
ham,shit really shocking scary cant imagine second def night u think somewhere could crash night save taxi
ham,another month need chocolate weed alcohol
ham,send copy da report
ham,single line big meaning miss anything 4 ur best life miss ur best life anything
ham,could work hope sure reach decision next meeting
ham,gimme lt gt minute ago
ham,smile right go world wonder smiling think crazy keep away grin
ham,kind missed train co asthma attack nxt one half hr driving sure park
ham,oh oh wasted den muz chiong sat n sun liao
ham,moment day value morning brings hope afternoon brings faith evening brings luv night brings rest wish u find today good morning
spam,dear sir bank card blocked updated yet want update atm card please contact phone phone
ham,honey sweetheart darling sexy bun sugar plum loverboy miss boytoy go gym
ham,send someone else
ham,hey pay salary de lt gt
ham,hey glad u r better hear u treated urself digi cam good r 9pm fab new year c u coupla wks
ham,still maybe leave credit card get gas get back like told
ham,notice like looking shit mirror youre turning right freak
ham,tell thinking plus going stop run
ham,fighting some1 close u dificult u lose u lose u win u still lose
spam,congratulation ur awarded either yr supply cd virgin record mystery gift guaranteed call phone 3 t c url 1 50pm approx 3mins
ham,doesnt make sense take unless free need know wikipedia com
ham,gudnite tc sweet dream
ham,studying free next weekend
ham,sorry call later hv work
ham,sleeping surfing enjoying free time
ham,think two still need get cash def ready 9
spam,urgent dear fl1pkart customer trying contact last weekend draw show w0n r 7 00 000 prize guaranteed call phone claim code l92 valid 12hrs
ham,come around lt decimal gt pm vikky otside nw il come tht time
ham,good evening sir al salam wahleykkum sharing happy news grace god got offer tayseer tissco joined hope fine inshah allah meet sometime rakhesh visitor india
ham,edison rightly said fool ask question wise man answer
ham,good good job like entrepreneur
ham,good night going sleep
ham,u lost ill always b 4u intend 2 hurt u never knew u felt iwas marine itried2tell urmom careabout u
ham,wan early lei outside wun b home early neva mind
ham,nope b going 2 sch fri quite early lor co mys si got paper da morn
ham,jay told already
ham,happy come noon
ham,networking job
ham,78 mca conform
spam,sorry u unsubscribe yet mob offer package min term 54 week pls resubmit request expiry reply themob help 4 info
ham,message text missing sender name missing number missing sent date missing missing u lot thats everything missing
ham,sound good keep posted
ham,ok let u noe leave house
ham,cause freaky lol
ham,2mro coming gym machan goodnight
ham,give one miss number please
ham,u dun wan u dun like already ah wat u still eating
ham,surely dont forgot come always touch
ham,one good partnership going take lead
ham,india take lead
ham,multiply number independently count decimal point division push decimal place like showed
ham,surbhii dear
ham,happy new year u
ham,k text way
ham,theoretically yeah could able come
spam,twinks bear scallies skin jock calling miss weekend fun call phone 9 10p min 2 stop text call phone 4 nat rate
ham,jus reached home go bathe first si using net tell u finish k
ham,u dun say early hor u c already say
ham,dare stupid wont tell anything hear wont talk
ham,k want u come
ham,wait lt gt min
ham,daily text favour time
spam,talk sexy make new friend fall love world discreet text dating service text vip 83110 see could meet
ham,yeah fact asked needed anything like hour ago much
ham,26th july
ham,yes princess going make moan
ham,hi hope good day better night
ham,flippin shit yet
ham,still west coast haiz take forever come back
ham,baaaaaaaabe wake miss crave need
ham,time think need know near campus
ham,oh k watching
ham,maybe could get book tomo return immediately something
ham,cocksucker make feel better ipads worthless garbage novelty item feel bad even wanting one
ham,eaten day sitting staring juicy pizza eat med ruining life
ham,wonderful okors great month cherish guy wish well day mojibiola
spam,win newest harry potter order phoenix reply harry answer 5 question chance first among reader
ham,worry hope photo shoot went well spiffing fun workage
ham,saying explicitly told nora know someone probably gonna bother
ham,inside office still filling form know leave
ham,stop wondering wow ever going stop tm ing tm whenever want mine laugh
ham,movie call 4 wat
ham,night sweet sleep well see exorcism emily rose may never sleep hug snogs
ham,happy birthday wish u happiness life
ham,ok called mom instead fun
spam,urgent call phone 1from landline complimentary 4 ibiza holiday 10 000 cash await collection sae c po box 434 sk3 8wp 150ppm 18
ham,hey tmr meet bugis 930
ham,aiyar dun disturb u liao thk u lot 2 aft ur cupboard come
ham,got another job one hospital data analysis something start monday sure thesis got finished
ham,never nothing
spam,thanks subscription ringtone uk mobile charged 5 month please confirm replying yes reply charged
spam,last chance claim ur 150 worth discount voucher today text shop 85023
ham,done handed know mega shop asda count celebration thats
spam,mobile 500 000 00euro blackberry netherlands promo claim e mail code nl101 email
ham,thk gotta go home urself co b going shopping 4 frens present
ham,world suffers lot violence bad people silence good people gud night
ham,haha mayb u rite u know well da feeling liked someone gd lor u faster go find one gal group attached liao
ham,dont know getting message
ham,well thats nice bad cant eat
ham,dear hero leaving qatar tonite apt opportunity pls keep touch lt email gt kerala
ham,stand away heart ache without wonder crave
ham,dropped em omw back
ham,dear good morning
ham,per request maangalyam alaipayuthe set callertune caller press 9 copy friend callertune
ham,miserable tell u side effect birth control massive gut wrenching cramp first 2 month sleep last night
spam,guaranteed 1000 cash 2000 prize claim yr prize call customer service representative phone 3
ham,haha first person gonna ask
ham,kate jackson rec center 7ish right
ham,know week going tirunelvai da
ham,arr birthday today wish get oscar
ham,hahaha use brain dear thats important
spam,rate revsng soon xperience beachside living supertch holiday village xpandabl villa yamuna xprswaysize 1575 2200 sf 27 lac onwrdscall phone
ham,ok feel like john lennon
ham,dont knw pa drink milk
ham,decide faster co si going home liao
spam,tkts euro2004 cup final 800 cash collect call phone 1 b4190604 pobox 7876150ppm
ham,never blame day ur life good day give u happiness bad day give u experience essential life god blessing good morning
ham,seeing
ham,thats cool princess
ham,bloo bloo bloo miss first bowl
ham,solve case man found murdered 19 october afternoon 1 wife called police 2 police questioned everyone 3 wife sir sleeping murder took place 4 cook cooking 5 gardener picking vegetable 6 house maid went 2 post office 7 child went 2 play whoz murderer
ham,correct work today
ham,wot u 2 thout u gonna call txt bak luv k
spam,freemsg hi baby wow got new cam moby wanna c pic fancy chat im w8in 4utxt rply chat 82242 hlp phone 6 msg150p 2rcv
ham,mm kanji dont eat anything heavy ok
ham,twenty past five said train durham already coz reserved seat
ham,ya well fine bbd pooja full pimple even become quite black ur rite cold wearing sweatter
ham,want sent lt gt mesages today thats sorry hurt
ham,yes reg ciao
ham,possible teach
ham,good afternoon love go day sleep hope well boytoy think
ham,also came room
ham,know grumpy old people mom like better lying always one play joke
ham,thanks fill complete calm reassurance
spam,win urgent mobile number awarded 2000 prize guaranteed call phone 1 land line claim 3030 valid 12hrs 150ppm
ham,see cup coffee animation
ham,lol gonna last month cashed left lt gt case collecting week cause announced blog
ham,cannot come sunday date sunday rimca
ham,sorry pa dont knw ru pa
spam,get ur 1st ringtone free reply msg tone gr8 top 20 tone phone every week 1 50 per wk 2 opt send stop phone 1 16
ham,planning come chennai
spam,bloomberg message center phone wait url bloomberg com
ham,hello hun ru way im good 2 date guy met walkabout far meet soon hows everyone else
ham,well uv cause mutation sunscreen like essential thesedays
spam,six chance win cash 100 20 000 pound txt csh11 send 87575
ham,make 3 4 sake x
ham,nobody decide eat dad want chinese
ham,u love someone dont make love u much u love much dont want loved anyone except gud nit
ham,sorry call later busy somewhere
ham,sir goodmorning free call
spam,alert rbc royal bank suspended unlock account click url
spam,complimentary 4 star ibiza holiday 10 000 cash need urgent collection phone 9 landline lose box434sk38wp150ppm18
ham,ok leave need ask
ham,r home come within 5 min
ham,lol ouch wish stayed bit longer
ham,stitch trouser
ham,hi keen go kind feel go tomo mind
ham,good need receipt well done yes please tell number could ring
spam,winner u specially selected 2 receive 1000 4 holiday flight inc speak live operator 2 claim phone 910p min 18
ham,7 wonder world 7th 6th ur style 5th ur smile 4th ur personality 3rd ur nature 2nd ur sm 1st ur lovely friendship god bless u
spam,rt king pro video club need help email call phone 7 must 16 club credit redeemable url enjoy
ham,raji pls favour pls convey birthday wish nimya pls today birthday
ham,ok sweet dream
ham,mean still think teju
ham,av new number wil u use one ta
ham,yup already thanx 4 printing n handing
ham,wat would u like 4 ur birthday
spam,sunshine hols claim ur med holiday send stamped self address envelope drink u uk po box 113 bray wicklow eire quiz start saturday
ham,thank princess want see nice juicy booty
spam,urgent important information o2 user today lucky day 2 find log onto url fantastic surprise awaiting
ham,u know stubborn even want go hospital kept telling mark weak sucker hospital weak sucker
spam,1000 winner guaranteed caller prize final attempt contact claim call phone 6 150ppmpobox10183bhamb64xe
ham,trying find chinese food place around
ham,great princess thinking
ham,number vivek
ham,alright new goal
ham,u definitely need module e humanity dis sem izzit u wan 2 take module 1st
ham,squeeeeeze christmas hug u lik frndshp den hug back u get 3 u r cute 6 u r luvd 9 u r lucky none people hate u
spam,please call customer service representative 0 phone 10am 9pm guaranteed 1000 cash 5000 prize
ham,thank generally date brothas
spam,last chance claim ur 150 worth discount voucher today text shop 85023 savamob offer mobile c savamob pobox84 m263uz 3 00 sub 16
spam,yes place town meet exciting adult single uk txt chat 86688
ham,k still loving
spam,outstanding tax refund 578 44g8p tax year 15 16 please fill following form process refund url
ham,cant talk call dont keep calling
ham,fine miss much
ham,sent 6000 buck
ham,speak bcaz mobile problem listen cann listen voice call later
ham,many lick take get center tootsie pop
spam,win winner mr foley ipod exciting prize soon keep eye ur mobile visit url
spam,freemsg replied text randy sexy female live local luv hear u netcollex ltd phone 0150p per msg reply stop end
ham,sorry c ur msg yar lor poor thing 4 one night tmr u brand new room 2 sleep
ham,well done luv ya
ham,give everything want need actually could better yor got money get work get man pay rent even fill gas tank yes stressed depressed even call home thanksgiving cuz tell nothing
ham,slept time
ham,accidentally deleted message resend please
ham,otherwise part time job tuition
ham,k girl waiting reception ah
ham,still got lesson sch
spam,eerie nokia tone 4u rply tone title 8007 eg tone dracula 8007 title ghost addamsfa munsters exorcist twilight url pobox36504w45wq 150p
spam,dear paytm customer paytm kyc suspended paytm office ph phone account block within 24 hour thank paytm team
ham,saturday sunday holiday difficult
ham,collecting ur laptop going configure da setting izzit
ham,hmmm k want change field quickly da wanna get system administrator network administrator
ham,message sent askin lt gt dollar shoul pay lt gt lt gt
ham,cant pick phone right busy meeting
ham,home love still awake loving kiss
ham,lol need cash nitros hurry come crash
ham,yes see ya dot
ham,mm way railway
ham,new theory argument win situation loses person dont argue ur friend
ham,uncle canada wish guy great semester
ham,late evening
ham,good morning plz call sir want talk u something urgent
ham,im inperialmusic listening2the weirdest track ever leafcutter john sound like insect molested someone plumbing remixed evil men acid
spam,free entry 2 weekly comp chance win ipod txt pod 80182 get entry std txt rate c apply phone 3 detail 18
ham,many people seems special first sight remain special till last sight
ham,nothing smsing u n xy lor sorry lor da guy neva c u person sort know u lor u wan 2 meet xy ask 2 bring u along 4 next meeting
ham,fine difficulty phone work mine pls send another friend request
ham,dont search love let love find u thats called falling love
ham,let know got money carlos make call
ham,awesome question cute answer someone asked boy ur life smiled amp answered fine gudnite
ham,dude avatar 3d imp one point thought actually fly room almost tried hittng one reflex
ham,please send aunty number
spam,ur awarded city break could win 200 summer shopping spree every wk txt store 88039 skilgme tscs phone 31winawk age16 1 50perwksub
ham,msg rajini come
spam,private 2004 account statement phone 4 show 786 unredeemed bonus point claim call phone 9 identifier code 45239 expires
ham,today iz yellow rose day u love frndship give 1 misscall amp send ur frndz amp see many miss call u get u get 6missed u marry ur lover
ham,want come online
ham,pls give prometazine syrup 5mls lt gt min later feed
ham,goin workout lor muz lose e fat
ham,wow never realized embarassed accomodations thought liked since best could always seemed happy cave sorry give sorry offered sorry room embarassing
ham,right make appointment right
ham,taking italian food pretty dress panty
ham,write wat
ham,class holla later
ham,interested like
ham,lol ok forgiven
ham,coming home class right need work shower
spam,non stop internet downloading pocket internet dial 234 2900 get game special price r 3 everyday click play url
ham,today sorry day ever angry ever misbehaved hurt sorry
ham,yo game almost want go walmart soon
ham,wats ur opinion abt abt character
ham,course make stink
ham,charge transfer charge withdraw anyhow like
ham,hey u fancy meetin 4 cha hav lil beverage txt ring meet l8r quite tired got 3 v pist love pete x x x
ham,ill 3 min look
ham,r meeting
ham,already back home probably
ham,sorry guess whenever get hold connection maybe hour two text
ham,hey morning come ask pa
ham,oops shower u called hey parking garage collapsed university hospital see crazy stuff like happen
ham,senthil group company apnt 5pm
spam,2 2 146tf150p win ticket call phone 2
ham,way school pls send ashley number
ham,sorry battery died yeah
ham,fine good hear dear happy new year oh
ham,wat make people dearer bcoz happiness dat u feel u meet bcoz pain u feel u miss dem
ham,wont anything de
ham,pay lt decimal gt lakh
ham,might go 2 sch yar e salon v boring
ham,hopeing pissed remember gone sister something
ham,princess kitty shaved natural
ham,congrats kano whr treat maga
spam,new textbuddy chat 2 horny guy ur area 4 25p free 2 receive search postcode gaytextbuddy com txt one name 89693
ham,maybe westshore hyde park village place near house
spam,tried contact response offer new nokia fone camcorder hit reply call phone 5 delivery
ham,gonna home soon want talk stuff anymore tonight k cried enough today
ham,already one guy loving
ham,account number
spam,18 day euro2004 kickoff u kept informed latest news result daily
ham,yup shd haf ard 10 page add figure got many page
ham,mmmmm sooooo good wake word morning love mmmm love lion devouring kiss across sea
ham,moon come color dream star make musical sm give warm peaceful sleep good night
ham,watching tv
ham,4 oclock mine bash flat plan
ham,sorry da thangam mistake
ham,jade paul u txt u remember barmed want 2 talk 2 u txt
ham,hungry buy food good lei mum n yun dun wan juz buy little bit
ham,honey pls find much sell predicte nigeria many time used important reply monday
ham,uncle abbey happy new year abiola
ham,know anthony bringing money school fee pay rent stuff like thats need help friend need
ham,excellent wish together right
spam,entitled update latest colour camera mobile free call mobile update vco free phone 6
spam,freemsg today day ready live town love sex fun game netcollex ltd phone 0150p per msg reply stop end
ham,r going send
ham,ok tell
ham,cinema plus drink appeal tomo fr thriller director like mac 8 30
ham,wow v v impressed fun shopping
ham,hiya sorry hav signal seen heard neither unusual put case get sort hug snogs
ham,aight thanks comin
ham,hmm bit piece lol sigh
ham,hey iouri gave number wylie ryan friend
spam,urgent mobile number awarded 2000 bonus caller prize call phone 1 land line valid 12hrs
ham,glad talking
spam,urgent mobile number awarded 2000 prize guaranteed call phone 4 land line claim 3030 valid 12hrs
ham,love start attraction feel need every time around first thing come thought would start day end every time dream love every breath name life happen around life named would cry give happiness take sorrow ready fight anyone love craziest thing love proove anyone girl beautiful lady whole planet always singing praise love start making chicken curry end makiing sambar life beautiful get every morning thank god day would like say lot tell later
ham,way put skip right outside front house see house pull
ham,true dear sat pray evening felt sm time
ham,howz pain come today said ystrday ice medicine
ham,wat happened cruise thing
ham,sorry din lock keypad
ham,happy sad one thing past good morning
spam,okmail dear dave final notice collect 4 tenerife holiday 5000 cash award call phone 6 landline tc sae box326 cw25wx 150ppm
ham,mum say wan go go shun bian watch da glass exhibition
ham,going bed prin
spam,hot live fantasy call phone 0 20p per min ntt ltd po box 1327
ham,watching house entertaining getting whole hugh laurie thing even stick indeed especially stick
ham,could work reach consensus next meeting
ham,tell bad character u dnt lik try change lt gt add tat 2 new year resolution waiting ur reply frank good morning
ham,challenge know
ham,kallis wont play first two odi
ham,u ask next sat make ok lor
ham,lul im gettin juicy gossip hospital two nurse talking fat gettin one think shes obese oyea
ham,yeah sure thing mate haunt got stuff sorted im going sound anyway promoting hex way dont know number joke
ham,pls confirm time collect cheque
ham,much eighth
ham,actually deleted old website blogging magicalsongs blogspot com
ham,jst change tat
ham,yar lor actually quite fast co da ge slow wat haha
ham,cant u try new invention fly joking
ham,got new job bar airport satsgettin 4 47per hour mean lie keep touch
ham,best watch say cause get drunk
spam,send logo 2 ur lover 2 name joined heart txt love name1 name2 mobno eg love adam eve phone 9 87077
spam,santa calling would little one like call santa xmas eve call phone 1 book time calls1 50ppm last 3mins 30 c url
ham,u welcome caught u using broken english
ham,hey babe far 2 spun 2 spk da mo dead 2 da wrld sleeping da sofa day cool nytho tx 4 fonin hon call 2mwen im bk frmcloud 9 j x
ham,enjoy shower possessiveness poured u ur loved one bcoz world lie golden gift loved truly
ham,wait know wesley town bet hella drug
ham,dude sux snake got old raiden got buff
ham,happen dear tell
ham,yep fine 7 30 8 30 ice age
ham,oh charge camera
ham,dunno lei thk mum lazy go neva ask yet
spam,1 day left sawan ki bahar compt agent do clias qualify competition win maximum prize sdm
ham,also thk fast xy suggest one u dun wan ok going 2 rain leh got gd
spam,2nd time tried 2 contact u u 750 pound prize 2 claim easy call phone 08 now1 10p per minute bt national rate
ham,k much 8th fifty
ham,watever relation u built dis world thing remains atlast iz lonlines lotz n lot memory feeling
spam,mobile 11mths update free orange latest colour camera mobile unlimited weekend call call mobile upd8 freefone phone 2 2stoptxt
ham,good afternoon love go day hope maybe got lead job think boytoy send passionate kiss across sea
ham,hey ad crap nite borin without ya 2 boggy u boring biatch thanx u wait til nxt time il ave ya
ham,time fix spelling sometimes get completely diff word go figure
ham,bookedthe hut also time way
ham,told everything stop dont let get dehydrated
spam,3 received mobile content enjoy
spam,eeta 25 f inviting friend reply yes 440 440 see url
spam,urgent message cibc account holder kindly login secure server check information url pianostudio com cibcfullz internet support
spam,1 new message please call phone 4
ham,k k training process
ham,medical mission nigeria
spam,mobile 10 mths update latest orange camera video phone free save free text weekend call text yes callback orno opt
spam,private 2003 account statement phone 0 show 800 un redeemed point call phone 9 identifier code 40533 expires 31 10 04
ham,dance river
ham,idc get weaseling way shit twice row
ham,see see maybe reboot ym seen buzz
ham,emailed yifeng part oredi get fr
ham,yar say got error
ham,ur pin
ham,yup next stop
ham,brother atlanta wish guy great semester
spam,final chance claim ur 150 worth discount voucher today text yes 85023 savamob member offer mobile c savamob pobox84 m263uz 3 00 sub 16
ham,k fyi back parent place south tampa might need deal somewhere else
spam,forwarded 88877 free entry 250 weekly comp send word enter 88877 18 c url
ham,oh ho first time u use type word
ham,anyway going shopping co si done yet dun disturb u liao
ham,indeed way either
ham,fine anytime best
ham,sarcasm nt scarcasim
ham,happy new year 1 man
ham,sweetheart hope kind day one load reason smile biola
ham,dip cell dead coming u better respond else shall come back
ham,nosy guess idk reacting freaked
ham,leaving yet ok lor go elsewhere n eat u thk
ham,ya srsly better yi tho
ham,oh mr sheffield wanna play game okay bos nanny give raise give one
ham,u wan 2 come dinner tonight
ham,anyway holla whenever around need excuse go creep people sarasota
ham,forget though love walk beside watching keeping heart warm
ham,promise take good care princess run please send pic get chance ttyl
ham,try get lost fact tee hee
ham,open rebtel firefox load put plus sign user name place show two number lower number number pick number pin display okay
ham,yesterday true true
ham,gonna ask lol think 7
spam,ur ringtone service changed 25 free credit go club4mobiles com choose content stop txt club stop 87070 150p wk club4 po box1146 mk45 2wt
spam,final chance claim ur 150 worth discount voucher today text yes 85023 savamob member offer mobile
ham,open door
spam,thesmszone com let send free anonymous masked message im sending message see potential abuse
spam,panasonic bluetoothhdset free nokia free motorola free doublemins doubletxt orange contract call mobileupd8 phone 2 call 2optout
ham,okie good news
ham,wat u
ham,kent vale lor wait 4 ar
ham,hi chachi tried calling u unable reach u pl give missed cal u c tiz msg kanagu
ham,oh baby house come dont new picture facebook
ham,think going finn come
spam,brand new mobile music service live free music player arrive shortly install phone browse content top artist
spam,2nd time tried 2 contact u u 750 pound prize 2 claim easy call phone 0 10p per min bt national rate
ham,called one pick e phone ask already said ok
ham,u find sitter kaitlyn sick slept day yesterday
ham,u still going mall
spam,want new nokia 3510i colour phone deliveredtomorrow 300 free minute mobil free camcorder reply call phone 5
spam,hi amy sending free phone number couple day give access adult party
ham,thanx 4 time spent 2geva bin mint ur baby want u xxxx
ham,enjoy watching playing football basketball anything outdoors
ham,money 4 steve mate
ham,lmao take pic send
spam,hmrc govuk 0ur record show tax refund 398 90 claime please continue via url claim refund
ham,true passable get high score apply phd get 5years salary make life easier
spam,guess somebody know secretly fancy wanna find give u call phone 4 landline datebox1282essexcm61xn 150p min 18
ham,know taj mahal symbol love lesser known fact 1 mumtaz shahjahan 4th wife 7 wife 2 shahjahan killed mumtaz husband marry 3 mumtaz died lt gt th delivery 4 married mumtaz sister question arises hell love great hari
spam,noida hottest property express way today home ridge residency sec 135 with2 3 4 bhk available 2370p sq ft query call phone
ham,fine give call know want question
ham,shall ask one thing dont mistake
ham,real baby want bring inner tigress
ham,miss anything 4 ur best life miss ur best life anything gud nyt
ham,yo guy ever figure much need alcohol jay trying figure much safely spend weed
ham,anything lor go go lor
ham,let pool money together buy bunch lotto ticket win get lt gt u get lt gt deal
ham,lot used one babe model help youi bring match
ham,fran decided 2 go n e way im completely broke knackered got bout 3 c u 2mrw love janx p dad fone credit
ham,pls accept one day begging change number
ham,called dad oredi
ham,send ur birthdate month year tel u ur life partner name method calculation reply must
ham,hi msg office
ham,hey got mail
ham,haha okay today weekend leh
ham,hi home calicut
ham,also andros ice etc etc
ham,swhrt u dey hope ur ok tot u 2day love n miss take care
spam,registered subscriber yr draw 4 100 gift voucher b entered receipt correct an next olympics txt an 80062
ham,make happy
ham,give plus said grinule greet whenever speak
ham,u hav frnd name ashwini ur college
ham,know friend already told
ham,ok lor ned 2 go toa payoh 4 2 return smth u wan 2 send wat
ham,normally hot mail com see
ham,good thing getting connection bw
spam,today vodafone number ending 5263 selected receive r 2 00 000 award match please call phone quoting claim code 4267 standard rate apply
spam,sm ac jsco energy high u may know 2channel 2day ur leadership skill r strong psychic reply an w question end reply end jsco
ham,nah perpetual dd
ham,u calling right call hand phone
ham,common hearin r u wat r u ur day let ask u something different u smile today gud evng
ham,like personal sized
ham,hey kate hope ur ok give u buz wedlunch go outsomewhere 4 adrink town cud go 2watershd 4 bit ppl fromwrk bthere love petexxx
ham,tell friend plan valentine day
ham,ok anyway need change said
spam,100 dating service cal l phone 3 box334sk38ch
ham,anything lar going home 4 dinner
ham,u gonna get deus ex
ham,mm yes dear look hugging p
ham,cbe really good nowadays lot shop showroom city shaping good
ham,haha awesome 4u couple time coming
ham,1 cbe 2 chennai
ham,ever green person irritates u always one love u vry much
spam,mobile number gained sum u 450 000 00 mml ref 1001 detail send name address number email email
ham,queen going royal wedding
ham,oops sorry check mind picking tomo half eight station would ok
ham,book lesson msg call work sth going get spec membership px3748
spam,free msg sorry service ordered 81303 could delivered sufficient credit please top receive service
ham,height confidence aeronautics professor askd 2 sit aeroplane aftr sat wer told dat plane w made student dey hurried plane bt 1 didnt move said made student wont even start confidence
ham,friend house embarassed everything scattered floor think work
ham,missing pray inshah allah
ham,pleased inform application airtel broadband processed successfully installation happen within 3 day
spam,buy space invader 4 chance 2 win orig arcade game console press 0 game arcade see o2 co uk game 4 term setting
ham,hoping would send message rent due dont enough reserve completely gone loan need hoping could balance lt gt way could get till mid march hope pay back
ham,like love arrange
ham,k evening da urgent
ham,think asking gym excuse lazy people jog
ham,hope great new semester wish best made greatness
ham,drug able eat
ham,ok also wan 2 watch e 9 pm show
ham,sorry call later meeting sir
ham,yo dude guess got arrested day
ham,well give co said one nighters persevered found one cheap apologise advance somewhere sleep isnt
ham,type stuff sing
spam,6171 rmo 00 aeon r 4399 charged card num 97 lazo klia2 19 10 2016 call phone perform txn code356931
ham,could seen recognise face
ham,wait 4 u lor need 2 feel bad lar
ham,sorry call later 30 min
ham,ok take care umma
ham,gonna death gonna leave note say robs fault avenge
ham,maybe find something else instead
ham,mah b pick tomorrow
ham,worry though understand important put place poorly thought punishment face worst thing ever happened brb gonna go kill
ham,hey leave big deal take care
ham,thanx
ham,otherwise part time job na tuition
ham,also family going rhode island wherever leaving alone week new bong gt
ham,sorry call later busy right
spam,simpson movie released july 2007 name band died start film green day b blue day c red day send b c
spam,someonone know trying contact via dating service find could call mobile landline phone 7 box334sk38ch
ham,ya knw u vl giv ok thanks kano anyway enjoy wit ur family wit 1st salary
ham,whole car appreciated last two dad map reading semi argument apart thing going ok p
ham,merry christmas babe love ya kiss
ham,posible dnt live lt gt century cm frwd n thnk different
ham,lol trying make day little interesting
ham,jus finish watching tv u
ham,yeah got 2 v apologetic n fallen actin like spoilt child got caught till 2 go badly cheer
ham,dont worry guess busy
ham,aight wat happening side
ham,hi ct employee
spam,congratulation ur awarded 500 cd voucher 125gift guaranteed free entry 2 100 wkly draw txt music 87066
ham,picking various point going 2 yeovil motor project 4 3 hour u take home 12 2 5 30 max easy
ham,happy saying
ham,haha money leh later got go tuition haha looking empty slot driving lesson
ham,havent shopping lor juz arrive
ham,stalking u
ham,cant pick phone right message urgent
spam,urgent dear fl1pkart customer trying contact last weekend draw show w0n r 8 00 000 prize guaranteed call phone claim code n32 valid 12hrs
ham,ta job available let know please co really need start working
ham,gonna let know co come bak holiday day coming t4get2text number
ham,cramp stopped going back sleep
ham,indian r poor india poor country say one swiss bank director say lt gt lac crore indian money deposited swiss bank used taxless budget lt gt yr give lt gt crore job indian village delhi 4 lane road forever free power suply lt gt social project every citizen get monthly lt gt lt gt yr need world bank amp imf loan think money blocked rich politician full right corrupt politician itna forward karo ki pura india padhe g
ham,hi harish rent transfred ur acnt
ham,oh k come tomorrow dat sure
ham,reach home safe n sound liao
ham,set place heart mind mind easily forgets heart always remember wish happy valentine day
ham,got video tape pple type message lor u free wan 2 help hee co noe u wan 2 watch infernal affair ask u along asking shuhui oso
ham,hiya good day spoken since weekend
ham,sorry
ham,must come later normally bathe da afternoon mah
ham,didnt complete gist oh
ham,wanna gym
ham,call senthil hsbc
ham,lol made plan new year
ham,get home
ham,haha got fast lose weight thk muz go 4 month den got effect gee later go aust put bk e weight
ham,ask around lot term mids
ham,fine simply sitting
ham,mistaken fact felt like would hurt show really know
ham,nothin come mind help buy hanger lor ur laptop heavy
ham,hcl chennai requires fresher voice process excellent english needed salary upto lt gt call m suman lt gt telephonic interview via indyarocks com
ham,545 lor ya go 4 dinner together
spam,message important information o2 user today lucky day 2 find log onto url fantastic surprise awaiting
ham,waited yesterday
ham,hope arnt pissed id would really like see tomorrow love xxxxxxxxxxxxxx
ham,anything special
ham,u attend ur driving lesson many time wk n day
ham,huh cant thk oredi many page
ham,oi gonna ring
spam,boltblue tone 150p reply poly mono eg poly3 1 cha cha slide 2 yeah 3 slow jamz 6 toxic 8 come stop 4 tone txt
ham,please tell car key purse
ham,aight call close
ham,well general price lt gt oz let know much want
ham,seen facebook huh lol
ham,dunno lei might b eatin wif frens wan eat wait 4 lar
ham,staff placement training amrita college
ham,womdarfull actor
ham,k pick another 8th done
ham,pick
ham,usually person unconscious child adult may behave abnormally call
ham,yes good crickiting mind
ham,dint come u
ham,avatar supposed subtoitles
ham,stupid say challenge god dont think write instead respond immed
ham,fine absolutly fine
ham,sure get acknowledgement astoundingly tactless generally faggy demand blood oath fo
spam,ur tonexs subscription renewed charged 4 50 choose 10 polys month url billing msg
ham,oh forwarded message thought send
ham,sweet may may go 4u meet carlos gauge patty interest
ham,spring coming early yay
ham,well know mean texting
spam,marvel mobile play official ultimate spider man game 4 50 ur mobile right text spider 83338 game send u free 8ball wallpaper
ham,nah im goin 2 wrks j wot bout u
ham,tap spile seven pub gas st broad st canal ok
spam,urgent please call phone 1 landline 5000 cash luxury 4 canary island holiday await collection c sae award 20m12aq 150ppm 16
ham,nothing
ham,yo watching movie netflix
ham,lay man let know missed thought great day send bimbo ugo number ill appreciate safe
ham,today workin free oso gee thgt u workin ur fren shop
ham,haiyoh maybe hamster jealous million
ham,pain come worse time
ham,life style garment account please
ham,waiting e car dat bored wat co wait outside got nothing 2 home stuff watch tv wat
ham,whats coming hill monster hope great day thing r going fine busy though
ham,ha ha popped loo hello ed hello
ham,ok lor wat time finish
ham,nokia phone lovly
spam,1000 girl many local 2 u r virgin 2 r ready 2 4fil ur every sexual need u 4fil text cute 69911 1 50p
spam,today vodafone number ending 7548 selected receive r 2 00 000 award match please call phone quoting claim code 4041 standard rate apply
ham,hank lotsly
ham,movie theatre go watch unlimited movie pay
ham,wishing beautiful day moment revealing even thing keep smiling enjoy
ham,tired arguing week week want
spam,important customer service announcement calnumber 0 phone
ham,back amp packing car let know room
ham,yes meet town co go gep home could text bus stop worry finished march ish
ham,k call close
ham,sorry call later buzy ryt nw
ham,hen night going swing
ham,good afternon love today hope good maybe interview wake miss babe passionate kiss across sea
ham,wife murderer
ham,dont think turn like randomlly within 5min opening
ham,sir 8 hr trip bus last week another audition next wednesday think might drive time
ham,oh thats late well good night give u call tomorrow iam going go sleep night night
ham,see christmassy
spam,get rid cockroach termite bedbug rat pest 4best deal pestcontrolservices chemical herbal odorless dial n ask phone 2
ham,u sick still go shopping
ham,good morning princess happy new year
ham,ok found dis pierre cardin one look normal cost 20 sale
ham,well
ham,ugh leg hurt musta overdid mon
spam,today vodafone number ending 4882 selected receive 350 award number match call phone 4 receive 350 award
ham,left dessert u wan 2 go suntec look 4 u
ham,sorry sent blank msg yup trying 2 serious studying
ham,monthly amount terrible pay anything till 6months finishing school
ham,think one saying clearly ok leave need ask go come
ham,gonna home soon want talk u anymore tonight cried enough today
ham,awww dat sweet think something nice time tonight ill probably txt u later co im lonely xxx
ham,k k cant come search job
ham,ha know either clever simple thing pear day perfect christmas
ham,depends would like treated
spam,lam frederick banner pls conatct asap regarding possible late
ham,safe trip nigeria wish happiness soon company share moment
ham,think u wrong number
ham,lol oh babe wont sliding place midnight thanks invite
ham,problem talk later
ham,ok dat fine
ham,love hope anything drastic dare sell pc phone
ham,good afternoon babe go day job prospect yet miss love sigh
ham,spoon okay
ham,aww first time u said u missed without asking missed u first love
ham,hhahhaahahah rofl wtf nig leonardo room something
ham,aight pick open tonight
ham,toshiba portege m100 gd
ham,sun cant come earth send luv ray cloud cant come river send luv rain cant come meet u send care msg u gud evng
ham,ok april cant wait
ham,smile pleasure smile pain smile trouble pours like rain smile sum1 hurt u smile becoz someone still love see u smiling keep smiling
spam,ou guaranteed latest nokia phone 40gb ipod mp3 player 500 prize txt word collect 83355 ibhltd ldnw15h 150p mtmsgrcvd18
ham,ok chinese food way get fat paying lipo
ham,k k much cost
ham,yeah thinking
ham,time come tomorrow please confirm
ham,many dependent
ham,meeting u work tel shall work tomorrow
ham,home ard wat time u reach
ham,well leave class babe never came back hope nice sleep love
ham,yes many sweet
ham,txting driving
ham,r u cooking dinner
ham,boy sweet word left morning sigh go day love start studying
ham,true easier
ham,thought get watch co thats kind thing u get4an18th love much
ham,one week leave put know time
ham,know thing wrong everyso often panicks start goin bout bein good enough
ham,haha dont angry take practice real thing
ham,opinion 1 oversmart 2 selfish 3 naughy 4 lovable 5 silent 6 special 7 immature 8 stylish 9 simple pls reply
ham,hey great deal farm tour 9am 5pm 95 pax 50 deposit 16 may
ham,think rule tamilnadu tough people
ham,hi da today class
ham,work please call u r free
ham,tell something thats okay
ham,hello handsome finding job lazy working towards getting back net mummy boytoy miss
ham,k go sleep well take rest
spam,text banneduk 89555 see cost 150p textoperator g696ga 18 xxx
ham,nationwide auto centre something like newport road liked
ham,hello wats talk email address
ham,ok arm feeling weak cuz got shot go another time
ham,going sao mu today done 12
ham,havent stuck orchard dad car going 4 dinner u leh r free tonight
ham,time ur flight tmr
ham,mmm merry christmas
ham,okay booked already including one bugis
ham,dizzamn aight ask suitemates get back
ham,unfortunately found pick sister airport evening think going try go one th
ham,good night dear sleepwell amp take care
ham,yetunde class run water make ok pls
ham,way home went change batt 4 watch go shop bit lor
ham,friendship game play word say start march end may tomorrow yesterday today ever
spam,sm auction brand new nokia 7250 4 auction today auction free 2 join take part txt nokia 86021 hg suite342 2lands row w1j6hl
ham,mum hope great day hoping text meet well full life great day abiola
spam,week savamob member offer accessible call phone 2 detail savamob pobox 139 la3 2wu 1 50 week savamob offer mobile
ham,done handed celebration full swing yet
spam,sm service inclusive text credit pls goto url login unsubscribe stop extra charge help phone 9 po box420 ip4 5we
ham,excellent thought misundrstud frnd knw u hate bt day wen u knw truth u hate urself gn
ham,coming whatever want
ham,u awake snow
ham,day say cut ur hair paragon called hair sense noe much hair cut
ham,hi b ard 4 christmas enjoy n merry x ma
ham,hi please get lt gt dollar loan pay back mid february pls
ham,lt gt k oh send home sale
ham,dunno leh cant remember mayb lor wat time r meeting tmr
ham,ok lor town lei
ham,life spend someone lifetime may meaningless moment spent someone really love mean life
ham,huh hyde park mel ah opps got confused anyway tt e best choice den juz take
ham,night ended another day morning come special way may smile like sunny ray leaf worry
spam,plan sanction per mpd2021 x tra floor x tra area dda mcd dsidc huda gurgaon faridabad noida hi tech architect phone 65657777 email
ham,yeah got list u joanna feeling really anti social
ham,two fundamental cool life walk like king walk like dont care whoever king gud nyt
ham,pick drop car problem
ham,busy juz dun wan 2 go early hee
ham,bull plan go floating ikea without care world live mess another day
ham,yup thk r e teacher said make face look longer darren ask 2 cut short
ham,please dont say like hi hi hi
ham,might ax well im
ham,gentle princess make sweet gentle love
ham,send text skype later
spam,record indicate u maybe entitled 5000 pound compensation accident claim 4 free reply claim msg 2 stop txt stop
ham,try making another butt
ham,came look flat seems ok 50 away alot wiv work got woman coming 6 30
ham,yeah confirmed staying weekend
ham,ok shall talk
ham,bit ur smile hppnss drop ur tear sorrow part ur heart life heart like mine wil care u forevr goodfriend
ham,work going min
spam,mobile office mm setting successfully delivered phone access airtel live long pressing 0 key nokia phone launch internet browser select airtel live goto url pay activation rental browsing charge airtel live pay download content send mm
ham,haha better late ever way could swing
ham,school n da lab stuff give call r done
ham,uncle g checking rewarding month
ham,ugh got outta class
ham,boat still mom check yo half naked
ham,road cant txt
ham,end might still vomit okay everything come
ham,sorry de went shop
ham,nice pub near frankie n benny near warner cinema
ham,lol take member said aunt flow visit 6 month cause developed ovarian cyst bc way shrink
ham,ready big day tomorrow
ham,sent like
ham,time u wrkin
spam,one registered subscriber u enter draw 4 100 g b gift voucher replying enter unsubscribe text stop
ham,good word word may leave u dismay many time
ham,unbelievable faglord
ham,sir hope day going smoothly really hoped wont bother bill settle month extra cash know challenging time also let know
ham,darren saying dat u meeting da ge den dun meet 4 dinner co later u leave xy feel awkward den u meet 4 lunch lor
ham,late need go n get da laptop
ham,night ended another day morning come special way may smile like sunny ray leaf worry blue blue bay gud mrng
ham,know wait check
ham,alrite hunny wot u 2 2nite didnt end goin town jus da pub instead jus chillin da mo bedroom love jen xxx
ham,yup studying surfing lor e lazy mode today
ham,yes replied mail going management office later plus bank later also wednesday
spam,hope enjoyed new content text stop 61610 unsubscribe help phone 2450p provided tones2you co uk
ham,ok help ask working tmr
ham,ok way railway
ham,lip synced shangela
ham,ok message u leave house
ham,lunch online
ham,still getting good
ham,late k wish
ham,come back tampa ffffuuuuuuu
ham,hey guy know breathing neck get bud anyway able get half track usf tonight
ham,luton phone ring ur around h
ham,weekend fine excuse much decorating
ham,whatsup dont u want sleep
spam,knock knock txt whose 80082 enter r weekly draw 4 250 gift voucher 4 store yr choice c url age16 stoptxtstop 1 50 week
ham,got message ignoring yes shopping
ham,yo gonna still stock tomorrow today trying get dubsack
ham,oh right ok make sure load work day got really nasty cough today dry n shot really help
ham,oic saw tot din c found group liao
ham,awesome think get 8th usf time tonight
spam,1st wk free gr8 tone str8 2 u wk txt nokia 8007 classic nokia tone hit 8007 polys nokia 150p poly 200p 16
ham,need buy lunch eat maggi mee
ham,surely result offer
ham,plan pongal
ham,ok problem u frm wats matter
ham,point hangin mr right makin u happy
ham,know shall speak lt gt minute
spam,auction round 4 highest bid 54 next maximum bid 71 bid send bid e g 10 bid 10 83383 good luck
spam,stock news call mcleod russel earns intraday profit r 32 780 subscribe equity f advisory service visit url
ham,please charge mobile get morning
ham,text carlos let know hang
spam,gent trying contact last weekend draw show 1000 prize guaranteed call phone 0 claim code k52 valid 12hrs 150ppm
spam,hi lucy hubby meetins day fri b alone hotel u fancy cumin pls leave msg 2day phone 5 lucy x call 1 minmobsmorelkpobox177hp51fl
ham,got lt gt
ham,good good billy mate gone jogging enjoy concert
ham,yo way could pick something tonight
ham,em olowoyey usc edu great time argentina sad secretary everything blessing
ham,k sure consent form v
ham,university southern california
ham,men always need beautiful intelligent caring loving adjustable cooperative wife law allows one wife
ham,mean fat head
ham,little darling far week need coffee run tomo believe time week already
ham,dare ask luck sorting car
ham,hmmm guess go 4 kb n power yoga haha dunno tahan power yoga anot thk got lo oso forgot liao
ham,nice day impressively sensible went home early feel fine boring remember
ham,check audrey status right
ham,thank way lost
ham,ok great thanx lot
ham,lol well without could big sale together
ham,around still asleep v
ham,give sec think think
ham,cool let know kick around lt gt day
ham,significant dont worry
ham,looked addie go back monday suck
ham,also maaaan missing
ham,1 go write msg 2 put dictionary mode 3 cover screen hand 4 press lt gt 5 gently remove ur hand see happens
ham,guess could good excuse lol
spam,freemsg replied text female live local luv hear u netcollex ltd phone 0150p per msg reply stop end
ham,heart empty without love mind empty without wisdom eye r empty without dream amp life empty without frnds alwys touch good night amp sweet dream
ham,every king cry baby every great building map imprtant u r today u wil reach tomorw gud ni8
ham,waiting e car 4 mum lor u leh reach home already
ham,delhi chennai still silent
ham,alex say ok ok
spam,free message jamster get crazy frog sound poly text mad1 real text mad2 88888 6 crazy sound 3 gbp week 16 c apply
ham,didnt work oh ok goodnight fix ready time wake dearly missed good night sleep
ham,left vague said would inform person accounting delayed rent discus housing agency renting another place checking online place around usc lt gt
ham,who class
spam,4 costa del sol holiday 6000 await collection call phone 5 toclaim sae tc pobox334 stockport sk38xh cost 1 50 pm max10mins
ham,big difference lt gt versus lt gt every lt gt hr
ham,v nice 2 sheffield tom 2 air opinion category 2 b used 2 measure ethnicity next census busy transcribing
ham,press conference da
ham,said look pretty wif long hair wat thk cutting quite short 4 leh
ham,understand loss gain work school
ham,yes dont care need bad princess
ham,may b approve panalam post
ham,late call tomorrow morning take care sweet dream u ummifying bye
ham,yup free
ham,regret inform u nh made mistake u never actually born please report 2 yor local hospital 2b terminated r sorry 4 inconvenience
ham,aiyar hard 2 type u later free tell call n scold n tell u
ham,got got 2 colour lor one colour quite light n e darker lor actually done styling hair
ham,princess
ham,per request melle melle nurungu vettam set callertune caller press 9 copy friend callertune
ham,good hear
ham,lov line hurt truth mind wil tolerat bcs ur someone never comfort lie gud ni8 sweet dream
ham,sister going earn da
ham,usf guess might well take 1 car
ham,yo come carlos soon
ham,xy going 4 e lunch
ham,still work going small house
ham,still checked
ham,hear loud scream lt gt minute cause gyno shoving thing belong
spam,free game get rayman golf 4 free o2 game arcade 1st get ur game setting reply post save activ8 press 0 key arcade termsapply
ham,getting back home
ham,really busy trying avoid
spam,urgent ur awarded complimentary trip eurodisinc trav aco entry41 1000 claim txt dis 87121 18 6 1 50
ham,petey boy whereare friendsare thekingshead come canlove nic
ham,like made throw smoking friend car one time awesome
ham,aight text back
ham,allo braved bus taken train triumphed mean b ham jolly good rest week
ham,watching tv got new job
ham,thank u better work cause feel used otherwise
ham,would smoking help u work difficult time
ham,way going back
ham,sorry vikky watching olave mandara movie kano trishul theatre wit frnds
ham,thank much skyped wit kz sura didnt get pleasure company hope good given ultimatum oh countin aburo enjoy message sent day ago
ham,pick bout 7 30ish time going
ham,uncle atlanta wish guy great new year
spam,hack chat get backdoor entry 121 chat room fraction cost reply neo69 call phone 0 subscribe 25p pm dp bcm box 8027 ldn wc1n3xx
ham,increase chance winning
ham,asked call ok
ham,gud ni8 dear slp well take care swt dream muah
ham,damn poor zac stand chance
ham,k sure relative home sm de pls
spam,apple detected unauthorized sign cloud account message go without reply apple forced suspend account please verify icloud device sending correct apple id password via text message
ham,im sorry bout last nite ur fault spouse pmt sumthin u 4give think u shldxxxx
ham,ok u take shopping u get paid
ham,date sunday
ham,u remember old commercial
ham,wiskey brandy rum gin beer vodka scotch shampain wine choose
ham,ur paper e morn aft tmr
spam,get sauna slim belt rs650 vibration sauna belt rs999 ncr rs50 extra reduce fat 5 inch free slim tea ph phone phone
ham,cheer message zogtorius staring phone age deciding whether text
ham,yeah impression got
ham,hey hun onbus goin 2 meet want 2go 4a meal donyt feel like cuz 2 get last bus home he sweet latelyxxx
ham,heart empty without love mind empty without wisdom eye r empty without dream life empty without frnds
ham,mind ask happened dont say uncomfortable
ham,annoying
ham,anything lor coming
ham,water logging desert geoenvironmental implication
ham,good afternoon boytoy feeling today better hope good boy obedient slave please queen
ham,match started india lt gt 2
ham,nite
ham,sac need carry
spam,meet top 35 u university delhi india habitat centre lodhi road nov 8th 2 6 pm student admission entry free detail contact phone
ham,met alex nichols middle school turn dealing
ham,sent jd customer service ur mail id
spam,sim subscriber selected receive bonus get delivered door call phone 4 exp 30apr
spam,promotion number 8714714 ur awarded city break could win 200 summer shopping spree every wk txt store 88039 skilgme tscs phone 31winawk age16 1 50perwksub
ham,jus finish blowing hair u finish dinner already
ham,k k give treat
ham,probs hon u doinat mo
ham,know god created gap finger one made come fill gap holding hand love care
ham,sir send group mail check
ham,somewhere beneath pale moon light someone thinking u dream come true
ham,u got person story anyhow
ham,lt gt g saw day ago guy want sell wifi lt gt 3g lt gt blanked
ham,booked ticket pongal
ham,please protect e threat yes bank never asks sensitive information like password atm sm pin thru email never share password anybody
spam,natalie 20 f inviting friend reply yes 165 165 see url
ham,alright took morphine back yo
ham,tiime let hug break tear
ham,call say coming today ok tell fool like ok
ham,hello per request lt gt r 5 transfered
ham,still grinder
spam,welcome please reply age gender begin e g 24m
ham,hows street end library walk
ham,yeah hopefully tyler could maybe ask around bit
ham,frens go lor alone wif mum n si lor
ham,much dirty fellow
spam,congrats nokia 3650 video camera phone call phone 3 call cost 150ppm ave call 3mins vary mobile
spam,willing live local text reply hear strt back 150p per msg netcollex ltdhelpdesk phone 2 reply stop end
ham,u sleeping going take haha got spy wat online checking n replying mail lor
ham,happy birthday dear lot love rakhesh nri
ham,yes chatting
spam,urgent call phone 1 landline complementary 4 tenerife holiday 10 000 cash await collection sae c po box 3 wa14 2px 150ppm 18 sender hol offer
ham,sorry da today wont come play driving clas
ham,cant keep talking people sure pay agree price pls tell want really buy much willing pay
ham,thing ape u fight death keep something minute u let go thats
ham,sister got placed birla soft da
ham,hope thing went well doctor reminds still need 2go u c little thing left lounge
ham,yeah leave hour least 4 sound
ham,wont b 2 15 trying 2 sort house ok
ham,u free sat rite u wan 2 watch infernal affair wif n darren n mayb xy
ham,gonna home soon want talk stuff anymore tonight k leave cried enough today
ham,yar lor keep raining non stop u wan 2 go elsewhere
ham,let know need anything else salad desert something many beer shall get
spam,msg mobile content order resent previous attempt failed due network error query email
ham,aight text tonight see
ham,sir good morning hope good weekend called let know able raise lt gt dad however said would make rest available mid feb amount still quite short hoping would help good day abiola
ham,sorry help sorry
spam,u nokia 6230 plus free digital camera u get u win free auction take part send nokia 83383 pobox114 14tcr w1 16
ham,need detail online job
ham,like italian food
ham,told going got drunk
ham,k sent goodness
ham,wait 2 min stand bus stop
ham,first gained lt gt kg since took second done blood sugar test ok blood pressure within normal limit worry
ham,hi darlin cantdo anythingtomorrow myparents aretaking outfor meal u free katexxx
ham,also didnt get na hi hi hi hi hi
ham,v aluable ffectionate l oveable e ternal n oble ruthful ntimate n atural e namous happy valentine day advance
ham,1 tension face 2 smiling face 3 waste face 4 innocent face 5 terror face 6 cruel face 7 romantic face 8 lovable face 9 decent face lt gt joker face
spam,know u u know send chat 86688 let find 150p msg rcvd hg suite342 2lands row w1j6hl ldn
ham,u dun drive go 2 sch
ham,probably tomorrow even later tonight something going
ham,thanks honey still heard anything leave bit longer 2 crowd try later great advice thanks hope cardiff still
ham,aathi dear waiting u
ham,bluray player
ham,oh really make air talent
ham,forget tell want need crave love sweet arabian steed mmmmmm yummy
spam,people dogging area call phone 8 join like minded guy arrange 1 1 evening 1 50 minapn ls278bb
ham,mmm yummy babe nice jolt suzy
spam,hi ya babe x u 4goten bout scammer getting smart though regular vodafone respond get prem rate msg subscription no used also beware
ham,nanny address
spam,double min double txt 1 2 price call mobileupd8 latest offer phone 2 call2optout lf56
ham,well ball time make call
ham,check nuerologist
ham,thanx yup coming back sun finish dinner going back 2 hotel time fly tog 4 exactly mth today hope haf many mths come
ham,goodmorning today late 15 min
spam,sam registration received click complete process http rghst u xri2284 reply stop 2 opt future text
ham,gd got free ice cream oso wan
spam,hard live 121 chat 60p min choose girl connect live call phone 9 cheap chat uk biggest live service vu bcm1896wc1n3xx
ham,message response happend issue
spam,forwarded 21870000 hi mailbox messaging sm alert 4 message 21 match please call back phone 9 retrieve message match
ham,want go
ham,meh thgt clash really ah dun mind dun seen lost weight gee
ham,alrite girl u know gail neva wrong take care sweet worry c u l8tr hun love yaxxx
ham,make people dearer happiness u feel u meet pain u feel u miss
ham,gas station go
ham,reached home tired come tomorro
ham,actually mobile full msg work online need send lt gt sent msg wil explain u later
ham,easy mate guess quick drink bit ambitious
ham,opinion 1 2 jada 3 kusruthi 4 lovable 5 silent pls reply
ham,reach ur home 10 minute let meet
ham,actor work work evening sleep late since unemployed moment always sleep late unemployed every day saturday
ham,good morning dear great day enjoy
ham,plan yet
ham,last thing ever wanted hurt think would laugh embarassed delete tag keep going far knew even fact even felt like would hurt show really know messy wednesday bad problem time clean choose skype take picture sleep want go mind thing make bed throw laundry top friend house embarassed underwear bra strewn bed pillow floor something else used good least making bed
ham,take phone callon friday assume year
ham,hungry buy smth home
spam,mobile 10 mths update latest camera video phone free keep ur number get extra free min text text yes call
ham,yes sura sun tv lol
spam,4mths half price orange line rental latest camera phone 4 free phone 11mths call mobilesdirect free phone 7 update or2stoptxt
ham,babe love cover face kiss
ham,thanks talk saturday dear cherish brother role model
ham,well watch shrek 3d b
ham,change fb jaykwon thuglyfe falconerf
spam,nokia 7250i get win free auction take part send nokia 86021
ham,yes think office lap room think thats last day didnt shut
ham,staying town
ham,love aathi love u lot
ham,meet soon princess ttyl
ham,worse us half way stop better complete
ham,dun thk quit yet hmmm go jazz yogasana oso go meet em lesson den
ham,k come wenever u lik come also tel vikky come getting free time
ham,eatin lor goin back work soon e mountain deer show huh watch b4 liao nice
ham,spend day waiting ideal path appear front u forget path made walking waiting goodnight
ham,know dat feelin pete wuld get em nuther place nuther time mayb
ham,lady first genus second k
ham,okie wan meet bishan co bishan driving today
ham,normal
ham,babe back come back
ham,mum going robinson already
ham,ok need tell anything going sleep good night
ham,tel software name
spam,ur cash balance currently 500 pound maximize ur cash send go 86688 150p msg cc phone 1 po box 114 14 tcr w1
ham,tmr timin still da wat co got lesson 6
spam,record indicate involved accident last 2 5 year entitled claim compensation reply claim info stop opt
ham,opposite side dropped
ham,battery low babe
ham,mean get door
ham,got look scrumptious daddy want eat night long
ham,okey dokey swashbuckling stuff oh
ham,infact happy new year seeing
ham,entered cabin pa said happy b day bos
ham,working technical support voice process networking field
ham,oh u must taken real valentine shopping first
ham,yeah see
ham,u wan 2 haf lunch da canteen
ham,especially since talk boston personal statement lol woulda changed realized said nyc say boston
ham,sorry light turned green meant another friend wanted lt gt worth may around
ham,yes completely form
ham,kay since already
ham,log 4 wat sdryb8i
spam,call phone 0 20p per min ntt ltd po box 1327 croydon cr9 5wb 0870 national rate call
ham,angry happen dear
ham,class get text
ham,becoz lt gt jan whn al post ofice holiday cn go fr post ofice got duffer
ham,valentine game send dis msg ur friend 5 answer r someone really love u ques colour suit best
ham,r outside already
